Number of variables,Exec Time (microseconds),Target,Combo
4,9,77,[]
4,4,28,[]
4,5,58,[]
4,5,64,[]
4,4,89,[]
4,4,51,[]
4,3,31,[]
4,4,69,[]
4,4,33,[]
4,5,60,[]
4,4,91,[]
4,4,35,"[13, 1, 21]"
4,5,25,[]
4,5,43,[]
4,4,79,[]
4,4,95,[]
4,4,71,[]
4,4,17,[]
4,2,15,"[6, 9]"
4,2,26,"[14, 12]"
4,3,47,"[16, 24, 7]"
4,4,17,[]
4,1,26,"[15, 11]"
4,5,67,[]
4,2,51,"[20, 12, 19]"
4,5,43,[]
4,5,27,[]
4,4,53,[]
4,5,51,[]
4,3,2,[]
4,5,58,[]
4,5,69,[]
4,4,55,[]
4,4,1,[]
4,3,50,[]
4,4,54,[]
4,3,6,[]
4,4,72,[]
4,3,65,[]
4,4,48,[]
4,4,14,[]
4,4,27,[]
4,2,27,"[9, 18]"
4,5,72,[]
4,5,88,[]
4,4,43,[]
4,0,19,[19]
4,5,31,[]
4,5,88,[]
4,3,52,[]
4,4,71,[]
4,5,80,[]
4,5,31,[]
4,5,80,[]
4,4,73,[]
4,4,72,[]
4,3,0,[]
4,5,68,"[11, 11, 23, 23]"
4,5,92,[]
4,4,83,[]
4,5,54,"[17, 22, 5, 10]"
4,3,14,"[11, 3]"
4,3,19,"[2, 17]"
4,0,20,[20]
4,5,2,[]
4,5,39,[]
4,4,49,[]
4,4,74,[]
4,4,91,[]
4,5,79,[]
4,4,77,[]
4,4,21,[]
4,3,54,[]
4,1,42,"[13, 12, 17]"
4,4,96,[]
4,5,53,[]
4,5,17,[]
4,5,66,[]
4,4,38,[]
4,4,41,[]
4,5,47,[]
4,5,23,[]
4,5,63,[]
4,4,100,[]
4,4,40,[]
4,5,93,[]
4,5,73,[]
4,5,5,[]
4,5,18,[]
4,4,99,[]
4,5,60,[]
4,5,71,[]
4,4,47,[]
4,3,10,[]
4,4,84,[]
4,4,75,[]
4,3,79,[]
4,4,91,[]
4,3,53,[]
4,5,45,[]
4,3,845,[]
4,5,509,[]
4,5,665,[]
4,5,494,[]
4,4,566,[]
4,3,530,[]
4,5,475,[]
4,4,966,[]
4,5,280,[]
4,4,963,[]
4,3,377,[]
4,4,736,[]
4,4,902,[]
4,4,376,[]
4,3,510,[]
4,4,654,[]
4,4,550,[]
4,3,201,[]
4,4,222,[]
4,3,732,[]
4,4,664,[]
4,3,242,[]
4,4,846,[]
4,4,601,[]
4,4,991,[]
4,4,441,[]
4,3,797,[]
4,4,948,[]
4,4,187,[]
4,5,945,[]
4,4,129,[]
4,5,852,[]
4,5,429,[]
4,4,960,[]
4,4,922,[]
4,4,768,[]
4,4,690,[]
4,4,675,[]
4,4,966,[]
4,4,187,[]
4,3,144,[]
4,4,224,[]
4,3,607,[]
4,4,115,[]
4,3,228,[]
4,4,736,[]
4,5,234,[]
4,5,605,[]
4,5,728,[]
4,4,826,[]
4,5,316,[]
4,5,534,[]
4,5,715,[]
4,4,330,[]
4,5,785,[]
4,5,550,[]
4,4,473,[]
4,5,434,[]
4,5,997,[]
4,3,511,[]
4,5,709,[]
4,4,365,[]
4,4,711,[]
4,4,472,[]
4,3,234,[]
4,4,166,[]
4,4,208,[]
4,4,432,[]
4,3,107,[]
4,4,718,[]
4,5,296,[]
4,5,312,[]
4,5,278,[]
4,4,371,[]
4,5,336,[]
4,4,599,[]
4,5,989,[]
4,4,649,[]
4,5,283,[]
4,5,783,[]
4,4,789,[]
4,5,471,[]
4,5,277,[]
4,5,620,[]
4,4,364,[]
4,5,452,[]
4,5,920,[]
4,4,531,[]
4,5,181,[]
4,5,801,[]
4,5,988,[]
4,4,792,[]
4,5,556,[]
4,5,670,[]
4,5,560,[]
4,5,650,[]
4,5,488,[]
4,5,953,[]
4,4,832,[]
4,5,610,[]
4,5,1514,[]
4,4,8255,[]
4,4,7285,[]
4,3,4150,[]
4,4,8823,[]
4,3,6518,[]
4,4,2116,[]
4,4,3162,[]
4,5,7855,[]
4,5,5568,[]
4,4,1380,[]
4,4,8782,[]
4,3,8645,[]
4,4,6813,[]
4,3,5745,[]
4,5,7575,[]
4,5,2760,[]
4,4,3645,[]
4,5,3149,[]
4,5,3367,[]
4,5,8339,[]
4,4,6088,[]
4,5,2640,[]
4,5,1105,[]
4,5,1168,[]
4,5,7606,[]
4,5,4509,[]
4,5,9973,[]
4,4,2944,[]
4,5,7519,[]
4,5,1374,[]
4,5,7176,[]
4,4,1749,[]
4,3,9220,[]
4,4,3969,[]
4,3,1116,[]
4,4,4731,[]
4,3,5072,[]
4,4,3639,[]
4,4,3421,[]
4,4,7365,[]
4,4,8674,[]
4,4,6216,[]
4,4,5217,[]
4,3,8759,[]
4,4,4927,[]
4,3,2091,[]
4,4,8275,[]
4,4,7287,[]
4,3,2647,[]
4,4,5458,[]
4,3,2314,[]
4,4,6519,[]
4,4,5519,[]
4,4,6730,[]
4,4,3793,[]
4,4,8615,[]
4,4,6228,[]
4,3,3222,[]
4,4,8929,[]
4,3,2861,[]
4,4,3524,[]
4,4,1348,[]
4,4,9087,[]
4,5,5094,[]
4,5,3485,[]
4,4,3199,[]
4,3,8176,[]
4,4,6118,[]
4,3,2407,[]
4,4,2031,[]
4,5,7036,[]
4,4,2332,[]
4,5,8137,[]
4,3,6753,[]
4,4,6855,[]
4,3,7192,[]
4,4,9093,[]
4,3,1809,[]
4,4,2253,[]
4,4,9513,[]
4,3,1866,[]
4,4,3217,[]
4,3,3795,[]
4,4,7972,[]
4,3,4250,[]
4,4,5815,[]
4,4,9669,[]
4,4,4246,[]
4,4,7331,[]
4,3,1751,[]
4,4,2491,[]
4,3,6783,[]
4,4,2573,[]
4,3,3324,[]
4,4,3609,[]
4,4,9469,[]
4,3,9224,[]
4,5,7772,[]
4,4,4501,[]
9,4,47,"[21, 24, 2]"
9,5,32,"[10, 22]"
9,182,89,"[9, 10, 20, 19, 17, 8, 6]"
9,149,32,[]
9,7,46,"[18, 15, 13]"
9,8,39,"[1, 25, 13]"
9,51,80,"[7, 10, 17, 17, 10, 19]"
9,0,12,[12]
9,123,94,"[4, 4, 16, 18, 24, 16, 12]"
9,36,61,"[24, 17, 20]"
9,106,24,"[9, 15]"
9,26,80,"[16, 12, 11, 17, 24]"
9,16,59,"[7, 10, 23, 19]"
9,143,75,"[3, 12, 2, 7, 24, 15, 4, 8]"
9,6,58,"[17, 19, 1, 21]"
9,13,32,"[14, 18]"
9,144,10,[]
9,4,33,"[10, 9, 14]"
9,6,39,"[4, 20, 9, 6]"
9,11,20,"[15, 3, 2]"
9,15,77,"[20, 4, 20, 15, 18]"
9,2,43,"[15, 7, 21]"
9,27,85,"[1, 23, 1, 21, 18, 21]"
9,122,97,"[19, 18, 6, 24, 19, 11]"
9,10,25,"[20, 5]"
9,144,71,[]
9,104,79,"[17, 8, 11, 22, 4, 9, 8]"
9,8,31,"[11, 8, 12]"
9,96,88,"[5, 24, 19, 14, 1, 25]"
9,4,38,"[18, 20]"
9,24,35,"[2, 16, 2, 9, 6]"
9,0,21,"[17, 4]"
9,2,24,"[21, 3]"
9,5,34,"[11, 20, 3]"
9,7,44,"[9, 6, 21, 8]"
9,132,7,[]
9,132,13,[]
9,10,37,"[15, 22]"
9,36,17,"[1, 16]"
9,13,58,"[15, 12, 17, 14]"
9,65,94,"[21, 14, 6, 17, 10, 17, 9]"
9,21,54,"[2, 19, 8, 25]"
9,131,12,[]
9,25,73,"[10, 15, 21, 7, 20]"
9,28,52,"[17, 17, 14, 4]"
9,1,70,"[25, 20, 25]"
9,10,3,"[1, 2]"
9,133,9,[]
9,13,17,"[15, 2]"
9,20,50,"[14, 7, 4, 13, 12]"
9,70,23,"[18, 2, 3]"
9,16,18,[18]
9,133,18,[]
9,12,39,"[17, 11, 7, 4]"
9,63,55,"[10, 10, 20, 10, 5]"
9,62,85,"[24, 21, 8, 8, 8, 16]"
9,132,3,[]
9,3,9,[9]
9,96,87,"[5, 14, 19, 15, 18, 2, 14]"
9,66,96,"[12, 13, 5, 15, 19, 5, 21, 6]"
9,33,14,[14]
9,30,78,"[13, 17, 24, 24]"
9,20,70,"[13, 7, 17, 13, 20]"
9,37,76,"[16, 23, 16, 21]"
9,133,85,[]
9,6,46,"[20, 21, 5]"
9,7,58,"[8, 20, 17, 13]"
9,16,10,[10]
9,66,97,"[13, 23, 4, 20, 14, 7, 16]"
9,13,34,"[24, 1, 9]"
9,37,66,"[20, 7, 17, 22]"
9,39,23,"[3, 2, 18]"
9,15,33,"[11, 5, 4, 13]"
9,42,79,"[25, 12, 17, 25]"
9,6,23,"[6, 1, 16]"
9,60,94,"[8, 12, 22, 11, 21, 20]"
9,4,1,[1]
9,17,21,"[11, 10]"
9,25,74,"[16, 20, 12, 1, 6, 19]"
9,82,97,"[23, 2, 1, 10, 15, 23, 23]"
9,20,71,"[18, 9, 23, 9, 12]"
9,10,38,"[5, 16, 17]"
9,6,37,"[5, 11, 21]"
9,0,16,[16]
9,5,22,[22]
9,1,38,"[20, 18]"
9,58,85,"[14, 23, 17, 9, 22]"
9,133,100,[]
9,8,22,"[3, 9, 10]"
9,3,14,[14]
9,114,86,"[20, 10, 5, 17, 4, 20, 10]"
9,3,7,[7]
9,21,81,"[12, 11, 19, 18, 21]"
9,28,62,"[9, 18, 9, 21, 5]"
9,49,91,"[23, 6, 12, 14, 16, 20]"
9,48,80,"[19, 9, 22, 6, 18, 6]"
9,5,36,"[9, 14, 13]"
9,30,71,"[23, 7, 7, 9, 8, 17]"
9,17,19,"[4, 15]"
9,18,6,"[2, 4]"
9,149,210,[]
9,135,912,[]
9,140,131,[]
9,133,130,[]
9,133,264,[]
9,121,114,"[22, 7, 19, 15, 14, 21, 16]"
9,133,565,[]
9,131,247,[]
9,133,366,[]
9,131,940,[]
9,132,811,[]
9,133,548,[]
9,131,260,[]
9,133,923,[]
9,131,755,[]
9,132,308,[]
9,132,837,[]
9,131,288,[]
9,138,635,[]
9,132,153,[]
9,130,320,[]
9,132,700,[]
9,125,141,[]
9,124,167,[]
9,125,802,[]
9,124,331,[]
9,124,458,[]
9,123,788,[]
9,124,681,[]
9,124,899,[]
9,125,556,[]
9,125,164,[]
9,125,723,[]
9,124,589,[]
9,125,666,[]
9,123,763,[]
9,126,971,[]
9,124,399,[]
9,124,644,[]
9,126,384,[]
9,124,984,[]
9,124,965,[]
9,126,942,[]
9,125,368,[]
9,125,633,[]
9,125,107,[]
9,124,850,[]
9,125,481,[]
9,125,512,[]
9,126,275,[]
9,125,592,[]
9,123,438,[]
9,126,912,[]
9,124,634,[]
9,123,572,[]
9,124,450,[]
9,124,387,[]
9,124,721,[]
9,124,799,[]
9,125,1000,[]
9,124,410,[]
9,89,106,"[18, 15, 15, 25, 16, 5, 12]"
9,128,902,[]
9,124,210,[]
9,124,769,[]
9,124,340,[]
9,124,499,[]
9,124,744,[]
9,124,698,[]
9,125,351,[]
9,125,819,[]
9,125,384,[]
9,124,683,[]
9,124,214,[]
9,124,791,[]
9,123,277,[]
9,124,638,[]
9,123,511,[]
9,128,626,[]
9,123,946,[]
9,125,698,[]
9,123,192,[]
9,125,220,[]
9,124,873,[]
9,119,896,[]
9,118,636,[]
9,131,390,[]
9,118,934,[]
9,119,857,[]
9,118,852,[]
9,116,123,"[20, 14, 24, 9, 10, 23, 23]"
9,118,864,[]
9,118,203,[]
9,118,366,[]
9,118,853,[]
9,118,296,[]
9,118,790,[]
9,118,357,[]
9,118,455,[]
9,118,918,[]
9,118,4728,[]
9,118,5072,[]
9,118,8728,[]
9,118,4880,[]
9,118,1240,[]
9,118,7891,[]
9,118,5339,[]
9,118,4241,[]
9,119,4833,[]
9,118,3386,[]
9,118,7628,[]
9,117,9858,[]
9,118,9978,[]
9,118,3333,[]
9,118,9583,[]
9,118,8257,[]
9,118,6240,[]
9,118,5461,[]
9,118,4945,[]
9,117,6727,[]
9,118,1549,[]
9,118,1763,[]
9,118,7236,[]
9,118,5138,[]
9,118,5134,[]
9,118,1159,[]
9,118,5637,[]
9,119,7109,[]
9,118,4124,[]
9,118,9117,[]
9,117,9547,[]
9,118,1951,[]
9,113,8198,[]
9,113,9552,[]
9,114,8311,[]
9,113,6912,[]
9,117,5741,[]
9,113,9284,[]
9,113,6595,[]
9,113,7289,[]
9,113,2138,[]
9,114,4185,[]
9,113,8190,[]
9,113,8031,[]
9,113,4145,[]
9,113,4952,[]
9,113,4779,[]
9,113,5780,[]
9,113,8856,[]
9,113,7277,[]
9,113,1354,[]
9,113,5238,[]
9,114,1903,[]
9,112,5816,[]
9,113,5311,[]
9,113,8073,[]
9,113,4681,[]
9,113,7953,[]
9,113,4298,[]
9,112,9675,[]
9,113,3817,[]
9,114,1892,[]
9,114,2001,[]
9,114,6362,[]
9,113,3344,[]
9,112,6094,[]
9,113,6587,[]
9,114,4166,[]
9,114,4690,[]
9,113,4523,[]
9,113,5189,[]
9,112,8396,[]
9,113,1594,[]
9,114,7019,[]
9,113,9669,[]
9,113,4142,[]
9,113,1774,[]
9,113,4870,[]
9,113,5000,[]
9,113,4531,[]
9,113,3687,[]
9,113,4105,[]
9,111,8022,[]
9,109,8481,[]
9,109,8568,[]
9,108,6630,[]
9,108,7961,[]
9,108,4278,[]
9,108,8736,[]
9,108,2812,[]
9,108,3817,[]
9,108,6484,[]
9,108,7790,[]
9,108,7902,[]
9,110,1067,[]
9,109,4099,[]
9,109,9930,[]
9,108,8775,[]
9,108,2142,[]
9,108,8287,[]
2,1,74,[]
2,0,31,[]
2,1,23,[]
2,0,76,[]
2,1,86,[]
2,0,96,[]
2,0,84,[]
2,0,19,[]
2,0,81,[]
2,1,47,[]
2,0,10,[]
2,0,35,[]
2,0,96,[]
2,1,35,[]
2,0,44,[]
2,1,83,[]
2,0,87,[]
2,0,94,[]
2,0,26,[]
2,0,75,[]
2,0,11,[]
2,0,2,[]
2,0,95,[]
2,0,70,[]
2,1,96,[]
2,0,32,[]
2,1,0,[]
2,0,91,[]
2,0,22,[]
2,0,43,[]
2,0,0,[]
2,0,91,[]
2,0,64,[]
2,0,81,[]
2,0,74,[]
2,0,45,[]
2,0,17,[]
2,0,95,[]
2,0,9,[]
2,1,53,[]
2,0,48,[]
2,0,42,[]
2,0,90,[]
2,0,62,[]
2,0,51,[]
2,0,65,[]
2,0,32,[]
2,0,41,[]
2,1,51,[]
2,0,44,[]
2,0,98,[]
2,0,3,[]
2,1,54,[]
2,0,15,[]
2,0,41,[]
2,0,64,[]
2,0,29,[]
2,0,74,[]
2,0,1,[]
2,0,40,[]
2,0,5,[]
2,0,13,[]
2,0,17,[]
2,1,74,[]
2,0,16,[]
2,0,84,[]
2,0,63,[]
2,0,20,[]
2,1,48,[]
2,0,2,[]
2,0,100,[]
2,0,16,[]
2,1,81,[]
2,0,30,"[12, 18]"
2,0,0,[]
2,1,50,[]
2,0,54,[]
2,1,34,[]
2,0,69,[]
2,0,42,[]
2,0,56,[]
2,0,73,[]
2,0,95,[]
2,0,3,[]
2,0,69,[]
2,0,89,[]
2,1,61,[]
2,0,61,[]
2,0,68,[]
2,0,58,[]
2,1,53,[]
2,0,41,[]
2,0,95,[]
2,0,41,[]
2,0,19,[]
2,0,71,[]
2,1,8,[]
2,0,66,[]
2,0,91,[]
2,0,26,[]
2,0,438,[]
2,1,973,[]
2,0,538,[]
2,0,287,[]
2,0,639,[]
2,0,735,[]
2,1,522,[]
2,0,682,[]
2,1,405,[]
2,0,855,[]
2,0,884,[]
2,0,939,[]
2,0,636,[]
2,0,296,[]
2,0,105,[]
2,0,760,[]
2,0,779,[]
2,1,520,[]
2,0,760,[]
2,1,965,[]
2,0,654,[]
2,0,359,[]
2,0,332,[]
2,1,890,[]
2,0,662,[]
2,0,562,[]
2,1,927,[]
2,0,692,[]
2,1,661,[]
2,0,239,[]
2,0,946,[]
2,0,514,[]
2,0,556,[]
2,0,450,[]
2,0,992,[]
2,0,781,[]
2,0,149,[]
2,1,283,[]
2,0,745,[]
2,1,402,[]
2,0,996,[]
2,0,405,[]
2,0,946,[]
2,0,537,[]
2,0,448,[]
2,0,715,[]
2,0,685,[]
2,0,658,[]
2,1,597,[]
2,0,396,[]
2,1,649,[]
2,0,596,[]
2,0,380,[]
2,0,309,[]
2,1,851,[]
2,0,967,[]
2,0,964,[]
2,0,253,[]
2,0,492,[]
2,1,662,[]
2,0,855,[]
2,1,108,[]
2,0,836,[]
2,0,227,[]
2,1,279,[]
2,0,682,[]
2,1,613,[]
2,0,495,[]
2,0,377,[]
2,0,306,[]
2,0,405,[]
2,1,914,[]
2,0,472,[]
2,0,426,[]
2,0,965,[]
2,1,331,[]
2,0,504,[]
2,1,858,[]
2,0,430,[]
2,0,724,[]
2,0,349,[]
2,1,847,[]
2,0,886,[]
2,0,403,[]
2,0,672,[]
2,0,260,[]
2,1,530,[]
2,0,948,[]
2,1,962,[]
2,0,623,[]
2,1,315,[]
2,0,655,[]
2,0,399,[]
2,0,500,[]
2,0,691,[]
2,1,656,[]
2,0,947,[]
2,1,420,[]
2,0,525,[]
2,0,510,[]
2,0,4821,[]
2,0,1846,[]
2,0,7583,[]
2,0,2549,[]
2,0,2491,[]
2,0,3751,[]
2,1,3426,[]
2,0,1788,[]
2,1,5084,[]
2,0,3714,[]
2,0,6620,[]
2,0,6855,[]
2,0,7670,[]
2,1,2896,[]
2,0,6366,[]
2,0,7190,[]
2,0,7030,[]
2,1,1690,[]
2,0,4026,[]
2,1,6272,[]
2,0,5843,[]
2,0,6339,[]
2,0,2646,[]
2,0,5229,[]
2,1,4407,[]
2,0,8421,[]
2,0,7143,[]
2,0,3767,[]
2,1,6000,[]
2,0,9298,[]
2,0,9284,[]
2,0,7754,[]
2,0,8899,[]
2,0,4194,[]
2,0,6280,[]
2,0,5817,[]
2,0,5986,[]
2,0,6013,[]
2,0,4114,[]
2,0,7606,[]
2,1,1896,[]
2,0,6736,[]
2,1,6741,[]
2,0,9181,[]
2,0,6739,[]
2,0,1736,[]
2,0,2460,[]
2,1,9183,[]
2,0,5485,[]
2,0,6807,[]
2,0,6847,[]
2,1,6059,[]
2,0,6113,[]
2,0,5777,[]
2,0,5431,[]
2,0,1012,[]
2,1,1949,[]
2,0,8603,[]
2,1,9884,[]
2,0,6795,[]
2,1,2042,[]
2,0,3976,[]
2,1,8102,[]
2,0,1679,[]
2,0,7021,[]
2,0,4456,[]
2,0,1838,[]
2,1,8052,[]
2,0,9305,[]
2,1,2874,[]
2,0,6963,[]
2,0,5864,[]
2,0,1258,[]
2,1,4791,[]
2,0,4078,[]
2,0,7690,[]
2,0,7238,[]
2,0,8919,[]
2,1,5115,[]
2,0,1073,[]
2,1,2178,[]
2,0,2866,[]
2,0,4502,[]
2,0,4540,[]
2,0,3541,[]
2,0,5243,[]
2,0,4550,[]
2,1,2764,[]
2,0,9301,[]
2,1,1172,[]
2,0,3403,[]
2,0,4336,[]
2,0,9300,[]
2,0,2137,[]
2,1,2500,[]
2,0,1978,[]
2,1,7313,[]
2,0,3914,[]
2,1,5984,[]
2,0,9661,[]
10,101,85,"[3, 6, 14, 14, 9, 18, 21]"
10,14,84,"[24, 2, 16, 25, 11, 6]"
10,20,92,"[22, 15, 24, 10, 9, 12]"
10,5,10,"[6, 4]"
10,7,23,"[3, 20]"
10,35,98,"[21, 24, 16, 22, 15]"
10,4,50,"[7, 19, 24]"
10,27,46,"[23, 23]"
10,4,36,"[23, 13]"
10,109,93,"[14, 24, 4, 17, 22, 11, 1]"
10,9,64,"[20, 15, 21, 8]"
10,14,76,"[17, 21, 4, 17, 9, 8]"
10,34,92,"[13, 14, 20, 24, 21]"
10,41,19,"[7, 7, 5]"
10,4,40,"[14, 10, 9, 7]"
10,54,80,"[18, 10, 25, 10, 4, 10, 3]"
10,10,55,"[20, 15, 20]"
10,115,8,"[4, 3, 1]"
10,41,35,"[9, 17, 9]"
10,10,20,"[19, 1]"
10,1,32,"[12, 15, 5]"
10,251,1,[]
10,77,89,"[15, 22, 10, 7, 11, 24]"
10,241,7,[]
10,1,16,[16]
10,70,54,"[25, 23, 6]"
10,5,29,"[2, 19, 8]"
10,13,60,"[25, 15, 20]"
10,51,94,"[19, 21, 4, 21, 6, 23]"
10,2,51,"[22, 17, 12]"
10,3,58,"[12, 25, 21]"
10,5,36,"[14, 16, 6]"
10,5,62,"[19, 23, 2, 18]"
10,240,11,[]
10,239,3,[]
10,45,79,"[15, 4, 18, 14, 23, 5]"
10,4,27,"[7, 20]"
10,39,78,"[21, 17, 16, 3, 21]"
10,10,55,"[18, 4, 21, 12]"
10,236,20,[]
10,56,75,"[10, 3, 3, 8, 6, 21, 21, 3]"
10,5,64,"[21, 15, 17, 11]"
10,238,4,[]
10,52,100,"[8, 17, 19, 2, 20, 20, 14]"
10,2,42,"[8, 15, 19]"
10,58,47,"[3, 25, 14, 2, 3]"
10,49,90,"[19, 19, 21, 20, 11]"
10,8,56,"[8, 21, 23, 4]"
10,22,72,"[11, 11, 4, 22, 24]"
10,17,79,"[1, 23, 23, 17, 15]"
10,15,67,"[20, 21, 10, 16]"
10,15,68,"[23, 19, 1, 4, 21]"
10,63,80,"[11, 12, 6, 17, 14, 20]"
10,14,36,"[16, 11, 9]"
10,5,51,"[7, 1, 8, 15, 20]"
10,3,58,"[19, 22, 17]"
10,19,25,"[9, 16]"
10,20,34,"[9, 25]"
10,4,19,"[1, 18]"
10,10,85,"[17, 22, 25, 21]"
10,10,65,"[7, 18, 1, 25, 14]"
10,35,81,"[17, 25, 4, 16, 19]"
10,3,32,"[21, 11]"
10,12,55,"[19, 5, 24, 7]"
10,14,22,"[17, 4, 1]"
10,4,37,"[23, 13, 1]"
10,3,22,"[4, 18]"
10,2,40,"[24, 16]"
10,104,78,"[10, 5, 11, 12, 2, 11, 11, 16]"
10,3,24,"[17, 7]"
10,10,55,"[11, 20, 24]"
10,13,73,"[18, 2, 19, 13, 21]"
10,5,43,"[8, 9, 16, 2, 8]"
10,2,9,[9]
10,26,15,"[14, 1]"
10,4,28,"[17, 1, 10]"
10,73,70,"[19, 22, 22, 3, 4]"
10,10,37,"[2, 6, 1, 23, 5]"
10,10,14,"[5, 3, 3, 3]"
10,25,52,"[5, 4, 11, 12, 7, 5, 8]"
10,9,67,"[6, 24, 16, 21]"
10,46,83,"[5, 10, 18, 25, 25]"
10,234,0,[]
10,9,48,"[1, 11, 19, 17]"
10,107,96,"[12, 10, 12, 13, 4, 13, 15, 17]"
10,2,24,[24]
10,98,90,"[6, 17, 24, 13, 18, 7, 5]"
10,50,82,"[5, 11, 20, 15, 11, 20]"
10,230,6,[]
10,29,55,"[18, 25, 12]"
10,2,37,"[17, 20]"
10,123,27,"[4, 20, 3]"
10,36,89,"[8, 17, 25, 6, 19, 14]"
10,3,5,"[3, 2]"
10,18,74,"[24, 4, 20, 4, 20, 2]"
10,25,62,"[2, 24, 5, 1, 21, 9]"
10,14,20,[20]
10,26,40,"[21, 19]"
10,37,84,"[5, 25, 1, 14, 15, 24]"
10,35,76,"[3, 22, 20, 1, 22, 8]"
10,329,481,[]
10,231,904,[]
10,228,446,[]
10,230,446,[]
10,230,828,[]
10,230,296,[]
10,230,548,[]
10,229,241,[]
10,229,395,[]
10,230,200,[]
10,231,830,[]
10,231,721,[]
10,230,932,[]
10,231,955,[]
10,231,383,[]
10,229,544,[]
10,222,583,[]
10,220,885,[]
10,221,923,[]
10,221,535,[]
10,221,355,[]
10,221,593,[]
10,221,198,[]
10,211,450,[]
10,211,192,[]
10,210,513,[]
10,210,857,[]
10,210,752,[]
10,210,615,[]
10,210,290,[]
10,210,872,[]
10,209,610,[]
10,208,217,[]
10,208,604,[]
10,210,692,[]
10,208,498,[]
10,209,432,[]
10,224,789,[]
10,377,980,[]
10,216,894,[]
10,209,879,[]
10,226,748,[]
10,220,247,[]
10,220,700,[]
10,218,194,[]
10,216,833,[]
10,216,918,[]
10,294,642,[]
10,219,643,[]
10,216,390,[]
10,217,284,[]
10,216,744,[]
10,218,562,[]
10,663,172,[]
10,222,841,[]
10,228,675,[]
10,217,853,[]
10,215,115,[]
10,217,627,[]
10,217,271,[]
10,211,526,[]
10,207,692,[]
10,203,284,[]
10,202,986,[]
10,203,815,[]
10,197,137,"[23, 21, 16, 21, 25, 5, 11, 5, 10]"
10,209,345,[]
10,207,455,[]
10,204,552,[]
10,203,919,[]
10,203,216,[]
10,204,854,[]
10,203,986,[]
10,24,109,"[25, 3, 12, 14, 16, 15, 24]"
10,204,720,[]
10,203,295,[]
10,202,850,[]
10,197,171,[]
10,198,559,[]
10,197,837,[]
10,198,426,[]
10,196,625,[]
10,196,136,[]
10,197,885,[]
10,199,668,[]
10,199,396,[]
10,197,528,[]
10,198,364,[]
10,197,496,[]
10,198,545,[]
10,197,956,[]
10,197,413,[]
10,198,804,[]
10,196,678,[]
10,197,922,[]
10,197,860,[]
10,197,323,[]
10,198,193,[]
10,197,166,[]
10,196,266,[]
10,197,4864,[]
10,198,1362,[]
10,197,5779,[]
10,196,2293,[]
10,196,8665,[]
10,195,2799,[]
10,197,7939,[]
10,196,8460,[]
10,196,9133,[]
10,197,2756,[]
10,650,7674,[]
10,211,6796,[]
10,200,1959,[]
10,219,1255,[]
10,198,2595,[]
10,212,5039,[]
10,197,9715,[]
10,208,6168,[]
10,197,7257,[]
10,197,4645,[]
10,197,2131,[]
10,207,4571,[]
10,210,6330,[]
10,198,2653,[]
10,226,8544,[]
10,218,8846,[]
10,197,8855,[]
10,197,2205,[]
10,197,8004,[]
10,197,7157,[]
10,195,2144,[]
10,204,3425,[]
10,197,4152,[]
10,198,2042,[]
10,197,3359,[]
10,196,1040,[]
10,198,3319,[]
10,199,7302,[]
10,199,2899,[]
10,197,8194,[]
10,198,9792,[]
10,196,5936,[]
10,197,8898,[]
10,198,2527,[]
10,196,8031,[]
10,197,3587,[]
10,199,6237,[]
10,206,4333,[]
10,197,5963,[]
10,198,7058,[]
10,196,2989,[]
10,198,6001,[]
10,200,6691,[]
10,199,7329,[]
10,200,4762,[]
10,203,1523,[]
10,203,5318,[]
10,204,5792,[]
10,205,7355,[]
10,205,2278,[]
10,204,5404,[]
10,206,5766,[]
10,204,9970,[]
10,205,2785,[]
10,204,4293,[]
10,205,3250,[]
10,204,2656,[]
10,205,7472,[]
10,205,5162,[]
10,205,5298,[]
10,205,9394,[]
10,205,8547,[]
10,205,3550,[]
10,206,2049,[]
10,205,3738,[]
10,205,7456,[]
10,205,5625,[]
10,205,6185,[]
10,205,7149,[]
10,206,2222,[]
10,207,4922,[]
10,205,3445,[]
10,205,3268,[]
10,205,2063,[]
10,205,5013,[]
10,204,5927,[]
10,205,1642,[]
10,205,8168,[]
10,205,1314,[]
10,308,3876,[]
10,485,8075,[]
10,566,2465,[]
10,595,3878,[]
10,208,9092,[]
10,206,5965,[]
10,210,5305,[]
10,210,9910,[]
10,205,4317,[]
10,204,8174,[]
10,202,6620,[]
5,1,2,[2]
5,5,50,[]
5,5,89,[]
5,5,83,[]
5,0,6,[6]
5,5,86,[]
5,5,29,[]
5,2,18,[18]
5,6,80,[]
5,5,35,"[2, 14, 19]"
5,5,62,[]
5,6,66,[]
5,5,57,[]
5,4,36,"[10, 13, 13]"
5,5,73,[]
5,5,23,[]
5,5,38,[]
5,5,90,[]
5,5,78,[]
5,6,82,[]
5,0,24,[24]
5,6,73,[]
5,5,52,"[12, 20, 1, 19]"
5,5,95,[]
5,6,35,[]
5,5,76,[]
5,5,11,[]
5,5,41,[]
5,2,37,"[19, 18]"
5,5,37,"[20, 17]"
5,5,79,[]
5,2,30,"[11, 19]"
5,1,25,[25]
5,5,76,[]
5,5,75,[]
5,6,50,"[15, 25, 5, 5]"
5,4,32,"[2, 20, 10]"
5,5,94,[]
5,6,33,[]
5,5,36,[]
5,5,98,[]
5,6,50,[]
5,5,11,[]
5,5,35,[]
5,6,91,[]
5,5,4,[]
5,2,23,"[10, 13]"
5,5,39,"[9, 18, 3, 9]"
5,5,0,[]
5,6,84,[]
5,5,69,[]
5,3,60,"[21, 15, 24]"
5,5,11,[]
5,5,7,[]
5,5,93,[]
5,5,84,[]
5,3,50,"[16, 14, 20]"
5,5,52,[]
5,5,67,[]
5,5,75,[]
5,4,80,[]
5,5,29,[]
5,5,67,[]
5,4,43,[]
5,6,88,[]
5,5,84,[]
5,1,21,"[10, 11]"
5,5,27,[]
5,5,84,[]
5,6,89,[]
5,4,82,[]
5,6,81,[]
5,5,69,[]
5,4,44,"[13, 5, 22, 4]"
5,6,3,[]
5,3,12,"[4, 8]"
5,6,9,[]
5,6,94,[]
5,4,84,[]
5,5,6,[]
5,4,47,[]
5,4,19,"[6, 13]"
5,5,60,[]
5,5,17,[]
5,6,6,[]
5,2,41,"[5, 11, 15, 10]"
5,5,77,[]
5,5,92,[]
5,5,48,"[5, 5, 16, 22]"
5,6,62,[]
5,5,72,[]
5,5,57,[]
5,5,83,[]
5,5,68,[]
5,6,95,[]
5,6,15,[]
5,4,61,[]
5,5,11,[]
5,5,47,[]
5,0,26,"[18, 8]"
5,5,779,[]
5,6,276,[]
5,5,741,[]
5,5,726,[]
5,6,514,[]
5,5,182,[]
5,5,491,[]
5,5,210,[]
5,5,609,[]
5,5,142,[]
5,5,741,[]
5,4,590,[]
5,5,545,[]
5,5,881,[]
5,5,653,[]
5,5,367,[]
5,5,673,[]
5,5,114,[]
5,6,531,[]
5,4,547,[]
5,6,418,[]
5,6,574,[]
5,5,536,[]
5,5,107,[]
5,5,650,[]
5,4,805,[]
5,5,807,[]
5,5,983,[]
5,5,128,[]
5,5,884,[]
5,5,856,[]
5,5,502,[]
5,5,891,[]
5,5,575,[]
5,6,415,[]
5,5,916,[]
5,5,294,[]
5,6,381,[]
5,5,918,[]
5,5,722,[]
5,5,780,[]
5,5,180,[]
5,5,856,[]
5,4,205,[]
5,5,284,[]
5,5,656,[]
5,5,748,[]
5,5,347,[]
5,5,860,[]
5,4,488,[]
5,6,775,[]
5,6,213,[]
5,5,155,[]
5,6,283,[]
5,6,965,[]
5,5,767,[]
5,5,600,[]
5,4,860,[]
5,5,337,[]
5,6,965,[]
5,5,296,[]
5,5,199,[]
5,6,570,[]
5,5,329,[]
5,5,197,[]
5,5,353,[]
5,5,601,[]
5,6,712,[]
5,5,233,[]
5,5,228,[]
5,6,859,[]
5,5,971,[]
5,5,835,[]
5,6,604,[]
5,5,411,[]
5,5,193,[]
5,5,703,[]
5,5,254,[]
5,5,930,[]
5,6,273,[]
5,5,496,[]
5,5,442,[]
5,6,468,[]
5,5,237,[]
5,6,218,[]
5,6,955,[]
5,5,442,[]
5,6,751,[]
5,6,282,[]
5,5,508,[]
5,5,667,[]
5,5,525,[]
5,5,358,[]
5,6,308,[]
5,4,400,[]
5,5,906,[]
5,5,498,[]
5,5,969,[]
5,5,357,[]
5,5,319,[]
5,5,4063,[]
5,6,2141,[]
5,4,9612,[]
5,4,6109,[]
5,6,2751,[]
5,5,1537,[]
5,5,7318,[]
5,6,1800,[]
5,5,1172,[]
5,6,6737,[]
5,5,1056,[]
5,5,7654,[]
5,6,8921,[]
5,4,4270,[]
5,5,8513,[]
5,5,2100,[]
5,5,6223,[]
5,5,7320,[]
5,5,7833,[]
5,5,8438,[]
5,6,3313,[]
5,5,7066,[]
5,5,9723,[]
5,6,5319,[]
5,5,5712,[]
5,5,1737,[]
5,6,6158,[]
5,5,7175,[]
5,6,1971,[]
5,6,8164,[]
5,4,5447,[]
5,5,2947,[]
5,5,8999,[]
5,5,1342,[]
5,5,7114,[]
5,5,1470,[]
5,6,8913,[]
5,6,6016,[]
5,5,2465,[]
5,5,7407,[]
5,5,3468,[]
5,4,9387,[]
5,6,2162,[]
5,5,2622,[]
5,5,4607,[]
5,6,6817,[]
5,5,8521,[]
5,5,4280,[]
5,6,7560,[]
5,5,7647,[]
5,5,4592,[]
5,6,5401,[]
5,5,3487,[]
5,6,7552,[]
5,6,6621,[]
5,5,9103,[]
5,6,7291,[]
5,6,6094,[]
5,5,6958,[]
5,5,3271,[]
5,5,1185,[]
5,5,5148,[]
5,6,4569,[]
5,5,7686,[]
5,5,4501,[]
5,5,4269,[]
5,5,8599,[]
5,6,7136,[]
5,6,3351,[]
5,5,4450,[]
5,6,1641,[]
5,4,2581,[]
5,4,3556,[]
5,5,2233,[]
5,4,7321,[]
5,4,9979,[]
5,5,2130,[]
5,5,3265,[]
5,5,8692,[]
5,5,1457,[]
5,5,1625,[]
5,5,5742,[]
5,6,2130,[]
5,4,1887,[]
5,5,6313,[]
5,5,3177,[]
5,5,8949,[]
5,5,7243,[]
5,5,8852,[]
5,5,7031,[]
5,5,4054,[]
5,5,4523,[]
5,6,1059,[]
5,6,6934,[]
5,5,3059,[]
5,5,6529,[]
5,5,1917,[]
5,5,8402,[]
5,6,8733,[]
5,4,4966,[]
8,49,5,[]
8,48,48,[]
8,47,20,[]
8,30,97,"[22, 24, 7, 23, 15, 6]"
8,41,89,"[22, 17, 14, 15, 14, 7]"
8,8,62,"[24, 17, 21]"
8,19,76,"[18, 9, 14, 20, 15]"
8,5,47,"[8, 10, 12, 17]"
8,17,70,"[24, 22, 12, 12]"
8,7,58,"[13, 25, 12, 8]"
8,46,91,"[13, 11, 8, 7, 1, 23, 6, 22]"
8,46,84,"[9, 12, 25, 13, 13, 7, 5]"
8,46,15,[]
8,40,68,"[17, 2, 5, 14, 15, 15]"
8,21,63,"[1, 15, 6, 4, 9, 18, 10]"
8,0,6,[6]
8,0,8,[8]
8,6,13,"[11, 2]"
8,45,97,[]
8,6,25,[25]
8,0,20,"[14, 6]"
8,3,42,"[18, 24]"
8,7,39,"[16, 3, 14, 6]"
8,44,83,[]
8,45,8,[]
8,10,64,"[13, 10, 23, 18]"
8,2,41,"[10, 17, 5, 9]"
8,3,66,"[4, 23, 18, 21]"
8,45,0,[]
8,45,75,[]
8,41,86,"[14, 20, 5, 7, 20, 20]"
8,14,62,"[23, 2, 18, 15, 4]"
8,22,49,"[4, 1, 22, 5, 2, 13, 2]"
8,20,91,"[16, 6, 17, 9, 21, 22]"
8,11,39,"[25, 14]"
8,7,66,"[15, 15, 15, 21]"
8,45,97,[]
8,16,81,"[25, 13, 5, 23, 15]"
8,45,2,[]
8,6,35,"[9, 2, 24]"
8,44,69,"[5, 12, 13, 15, 16, 8]"
8,7,46,"[20, 5, 21]"
8,33,78,"[14, 25, 11, 14, 5, 9]"
8,23,88,"[8, 19, 24, 25, 7, 5]"
8,27,72,"[16, 22, 9, 25]"
8,33,59,"[5, 10, 22, 12, 10]"
8,8,47,"[12, 19, 8, 8]"
8,12,43,"[25, 6, 12]"
8,8,66,"[20, 22, 19, 5]"
8,40,74,"[18, 5, 7, 24, 11, 4, 5]"
8,44,99,"[16, 5, 13, 24, 24, 2, 15]"
8,13,21,"[9, 3, 9]"
8,0,23,"[8, 15]"
8,8,32,"[16, 14, 2]"
8,4,17,"[9, 8]"
8,23,70,"[2, 11, 7, 19, 19, 12]"
8,12,61,"[5, 24, 9, 5, 10, 8]"
8,16,98,"[23, 4, 9, 18, 20, 24]"
8,5,53,"[17, 11, 25]"
8,9,45,"[7, 17, 21]"
8,6,31,"[6, 25]"
8,22,62,"[20, 1, 23, 9, 9]"
8,32,63,"[15, 22, 10, 16]"
8,24,86,"[12, 7, 23, 13, 25, 1, 5]"
8,3,29,"[25, 4]"
8,21,82,"[24, 5, 17, 15, 21]"
8,20,34,"[1, 13, 7, 10, 3]"
8,5,58,"[25, 22, 11]"
8,10,51,"[12, 13, 24, 1, 1]"
8,46,2,[]
8,46,96,[]
8,29,66,"[22, 7, 25, 3, 5, 4]"
8,19,98,"[22, 24, 20, 8, 24]"
8,2,40,"[19, 4, 17]"
8,45,13,[]
8,44,95,[]
8,45,92,[]
8,46,96,"[9, 22, 20, 17, 5, 23]"
8,47,95,[]
8,22,57,"[3, 15, 21, 3, 13, 2]"
8,47,5,[]
8,13,20,[20]
8,5,75,"[24, 21, 23, 7]"
8,46,3,[]
8,3,14,[14]
8,47,1,[]
8,48,98,[]
8,13,50,"[15, 3, 23, 9]"
8,48,79,[]
8,23,58,"[20, 25, 1, 5, 3, 4]"
8,28,96,"[22, 18, 21, 22, 13]"
8,45,24,[]
8,13,49,"[12, 18, 19]"
8,10,80,"[6, 19, 20, 20, 15]"
8,45,26,[]
8,30,71,"[9, 24, 12, 7, 19]"
8,46,13,[]
8,20,80,"[1, 24, 18, 7, 18, 12]"
8,1,39,"[20, 19]"
8,5,70,"[1, 14, 22, 9, 24]"
8,45,763,[]
8,46,143,[]
8,47,835,[]
8,46,301,[]
8,46,288,[]
8,46,619,[]
8,46,959,[]
8,44,620,[]
8,45,116,[]
8,46,277,[]
8,46,990,[]
8,47,427,[]
8,46,148,[]
8,45,207,[]
8,46,272,[]
8,45,414,[]
8,45,639,[]
8,45,955,[]
8,44,350,[]
8,45,674,[]
8,45,430,[]
8,45,118,[]
8,45,958,[]
8,44,443,[]
8,45,757,[]
8,49,181,[]
8,48,810,[]
8,48,751,[]
8,47,250,[]
8,48,817,[]
8,47,665,[]
8,47,864,[]
8,47,343,[]
8,46,457,[]
8,46,310,[]
8,44,352,[]
8,45,583,[]
8,45,305,[]
8,45,718,[]
8,45,761,[]
8,45,269,[]
8,45,916,[]
8,45,991,[]
8,44,949,[]
8,45,374,[]
8,46,778,[]
8,46,128,[]
8,46,122,[]
8,44,507,[]
8,44,677,[]
8,45,319,[]
8,46,844,[]
8,45,809,[]
8,44,415,[]
8,45,174,[]
8,45,684,[]
8,45,655,[]
8,45,350,[]
8,45,696,[]
8,47,866,[]
8,46,355,[]
8,46,471,[]
8,46,193,[]
8,46,859,[]
8,47,285,[]
8,47,641,[]
8,46,340,[]
8,46,484,[]
8,45,657,[]
8,44,348,[]
8,45,141,[]
8,45,885,[]
8,45,144,[]
8,46,924,[]
8,46,791,[]
8,47,294,[]
8,46,733,[]
8,47,888,[]
8,46,384,[]
8,46,199,[]
8,46,358,[]
8,44,650,[]
8,45,568,[]
8,45,793,[]
8,46,108,[]
8,45,714,[]
8,44,361,[]
8,47,714,[]
8,46,627,[]
8,47,486,[]
8,46,528,[]
8,46,289,[]
8,45,546,[]
8,47,546,[]
8,46,107,[]
8,47,567,[]
8,46,426,[]
8,47,595,[]
8,46,740,[]
8,47,600,[]
8,46,9477,[]
8,46,4979,[]
8,47,9772,[]
8,46,7044,[]
8,46,7440,[]
8,46,6258,[]
8,46,6183,[]
8,51,1208,[]
8,56,9183,[]
8,56,6477,[]
8,51,3114,[]
8,50,4224,[]
8,50,7081,[]
8,50,1672,[]
8,49,1411,[]
8,48,3200,[]
8,50,5320,[]
8,49,8901,[]
8,49,9303,[]
8,49,2591,[]
8,49,1053,[]
8,48,2746,[]
8,50,4485,[]
8,50,9382,[]
8,50,6668,[]
8,48,9282,[]
8,46,3496,[]
8,47,6605,[]
8,46,5179,[]
8,44,7732,[]
8,45,1228,[]
8,45,5374,[]
8,47,1970,[]
8,46,1488,[]
8,46,2886,[]
8,46,7731,[]
8,47,4739,[]
8,47,4879,[]
8,47,1941,[]
8,46,3596,[]
8,47,7337,[]
8,46,6707,[]
8,46,1092,[]
8,45,7116,[]
8,46,4050,[]
8,46,7308,[]
8,47,4650,[]
8,46,3606,[]
8,47,6198,[]
8,46,9854,[]
8,46,6323,[]
8,45,4705,[]
8,46,1834,[]
8,46,5355,[]
8,47,4506,[]
8,46,9031,[]
8,47,6972,[]
8,46,3330,[]
8,46,9241,[]
8,46,5188,[]
8,46,6882,[]
8,46,9508,[]
8,47,7205,[]
8,47,6843,[]
8,47,8498,[]
8,46,6113,[]
8,46,7492,[]
8,46,2671,[]
8,46,3106,[]
8,46,1123,[]
8,46,4110,[]
8,47,2638,[]
8,46,1495,[]
8,47,6637,[]
8,46,9234,[]
8,46,4456,[]
8,46,1055,[]
8,46,1829,[]
8,46,9077,[]
8,46,6070,[]
8,46,7844,[]
8,46,5701,[]
8,46,3840,[]
8,46,9848,[]
8,45,9418,[]
8,47,3843,[]
8,47,2286,[]
8,47,3621,[]
8,46,7867,[]
8,46,3995,[]
8,47,5340,[]
8,47,1403,[]
8,47,5115,[]
8,46,1148,[]
8,47,8935,[]
8,46,1791,[]
8,46,2806,[]
8,45,7515,[]
8,46,9918,[]
8,45,2224,[]
3,3,34,[]
3,3,13,[]
3,1,59,[]
3,2,22,[]
3,2,34,[]
3,1,67,[]
3,1,67,[]
3,0,29,[]
3,1,81,[]
3,1,59,[]
3,0,30,[]
3,2,96,[]
3,0,49,"[24, 25]"
3,0,18,[18]
3,1,55,[]
3,1,8,[]
3,0,58,[]
3,1,10,[10]
3,0,14,[]
3,1,44,[]
3,1,85,[]
3,1,43,[]
3,0,0,[]
3,1,32,"[20, 12]"
3,1,86,[]
3,0,80,[]
3,2,10,[]
3,2,77,[]
3,0,16,[]
3,2,30,[]
3,1,85,[]
3,1,30,[]
3,0,75,[]
3,1,63,[]
3,1,56,[]
3,0,13,[]
3,2,7,[]
3,0,80,[]
3,1,48,[]
3,0,31,[]
3,0,31,[]
3,1,35,[]
3,0,80,[]
3,2,8,[]
3,1,95,[]
3,0,44,[]
3,1,8,[]
3,0,5,[5]
3,2,76,[]
3,1,1,[]
3,0,24,[]
3,1,49,[]
3,0,58,[]
3,1,56,[]
3,2,80,[]
3,0,40,[]
3,1,64,[]
3,0,74,[]
3,1,41,[]
3,1,30,[]
3,0,89,[]
3,2,55,[]
3,0,4,[]
3,1,70,[]
3,1,24,[]
3,0,50,[]
3,1,54,[]
3,0,21,[]
3,2,87,[]
3,0,50,[]
3,0,56,[]
3,2,48,[]
3,0,46,[]
3,1,89,[]
3,1,64,[]
3,2,20,[]
3,0,19,[19]
3,2,71,[]
3,0,45,[]
3,1,31,[]
3,0,87,[]
3,0,43,"[18, 25]"
3,0,34,[]
3,2,9,[]
3,0,13,[]
3,1,61,[]
3,0,81,[]
3,0,13,[]
3,1,49,[]
3,0,88,[]
3,2,45,[]
3,0,21,[]
3,1,59,[]
3,1,97,[]
3,0,36,[]
3,1,74,[]
3,1,58,[]
3,2,32,[]
3,0,83,[]
3,1,91,[]
3,1,464,[]
3,0,842,[]
3,2,705,[]
3,1,236,[]
3,0,345,[]
3,0,255,[]
3,2,273,[]
3,1,130,[]
3,1,376,[]
3,0,924,[]
3,2,827,[]
3,0,214,[]
3,1,468,[]
3,0,329,[]
3,2,181,[]
3,0,613,[]
3,0,473,[]
3,1,537,[]
3,0,833,[]
3,1,959,[]
3,1,855,[]
3,2,941,[]
3,0,885,[]
3,1,229,[]
3,2,619,[]
3,0,461,[]
3,1,862,[]
3,1,179,[]
3,2,608,[]
3,0,409,[]
3,1,196,[]
3,1,728,[]
3,1,904,[]
3,0,104,[]
3,1,218,[]
3,1,850,[]
3,0,255,[]
3,2,858,[]
3,0,868,[]
3,1,397,[]
3,0,351,[]
3,2,402,[]
3,0,315,[]
3,1,437,[]
3,1,279,[]
3,2,436,[]
3,0,912,[]
3,2,559,[]
3,1,542,[]
3,1,417,[]
3,0,595,[]
3,2,636,[]
3,1,152,[]
3,0,736,[]
3,2,661,[]
3,1,426,[]
3,1,999,[]
3,0,365,[]
3,2,913,[]
3,0,486,[]
3,1,688,[]
3,0,199,[]
3,2,958,[]
3,0,819,[]
3,1,317,[]
3,1,919,[]
3,0,183,[]
3,1,317,[]
3,1,185,[]
3,1,951,[]
3,0,666,[]
3,2,225,[]
3,1,945,[]
3,0,468,[]
3,1,771,[]
3,1,252,[]
3,2,200,[]
3,0,713,[]
3,0,150,[]
3,2,941,[]
3,0,838,[]
3,1,629,[]
3,0,767,[]
3,0,652,[]
3,1,605,[]
3,0,599,[]
3,1,137,[]
3,0,608,[]
3,1,918,[]
3,1,320,[]
3,2,407,[]
3,0,179,[]
3,2,563,[]
3,1,374,[]
3,1,966,[]
3,0,664,[]
3,2,255,[]
3,0,146,[]
3,1,653,[]
3,2,505,[]
3,0,3868,[]
3,1,6338,[]
3,0,1215,[]
3,2,4233,[]
3,0,9965,[]
3,1,7478,[]
3,0,8806,[]
3,2,1877,[]
3,1,4277,[]
3,1,5644,[]
3,2,1305,[]
3,0,2210,[]
3,1,8779,[]
3,1,9882,[]
3,2,3677,[]
3,0,7183,[]
3,2,5750,[]
3,1,5441,[]
3,1,4683,[]
3,0,1492,[]
3,2,1280,[]
3,0,3085,[]
3,1,6881,[]
3,0,9723,[]
3,2,9373,[]
3,1,6627,[]
3,0,9788,[]
3,2,5010,[]
3,0,2528,[]
3,1,5350,[]
3,1,1287,[]
3,2,2229,[]
3,0,9112,[]
3,1,1714,[]
3,0,4781,[]
3,2,7325,[]
3,0,4182,[]
3,2,7529,[]
3,0,1282,[]
3,1,4048,[]
3,0,2067,[]
3,2,4578,[]
3,0,2929,[]
3,1,9943,[]
3,0,9744,[]
3,2,8360,[]
3,0,2664,[]
3,0,3728,[]
3,2,3330,[]
3,0,7890,[]
3,1,8068,[]
3,0,3124,[]
3,2,9041,[]
3,0,4171,[]
3,1,9745,[]
3,1,1420,[]
3,2,4153,[]
3,0,7672,[]
3,2,3356,[]
3,1,6359,[]
3,0,7354,[]
3,2,2885,[]
3,1,6675,[]
3,1,1040,[]
3,0,4850,[]
3,2,4491,[]
3,0,8869,[]
3,1,3440,[]
3,0,8421,[]
3,2,7068,[]
3,0,1677,[]
3,1,3668,[]
3,1,8805,[]
3,1,2287,[]
3,0,7966,[]
3,1,6788,[]
3,2,1964,[]
3,0,6058,[]
3,2,1271,[]
3,1,7702,[]
3,2,3808,[]
3,0,3401,[]
3,2,7569,[]
3,1,4881,[]
3,1,8151,[]
3,0,1907,[]
3,0,3616,[]
3,1,8791,[]
3,0,7940,[]
3,2,9602,[]
3,0,1984,[]
3,1,6632,[]
3,0,5231,[]
3,2,1609,[]
3,0,8915,[]
3,1,1553,[]
3,1,4611,[]
3,2,7608,[]
3,1,5568,[]
3,0,4678,[]
11,24,2,[2]
11,13,51,"[20, 10, 21]"
11,10,49,"[4, 24, 11, 6, 4]"
11,10,69,"[7, 6, 19, 16, 21]"
11,1,32,"[13, 19]"
11,14,42,"[13, 8, 21]"
11,10,60,"[6, 3, 13, 19, 19]"
11,447,34,[]
11,142,6,"[4, 1, 1]"
11,22,100,"[8, 24, 19, 25, 24]"
11,41,41,"[4, 24, 12, 1]"
11,422,0,[]
11,14,41,"[10, 21, 10]"
11,227,10,"[8, 2]"
11,0,15,[15]
11,442,100,[]
11,310,97,"[9, 13, 8, 9, 12, 10, 14, 22]"
11,5,54,"[24, 18, 12]"
11,5,66,"[8, 23, 13, 22]"
11,10,76,"[25, 12, 11, 6, 22]"
11,37,81,"[5, 18, 5, 11, 14, 19, 9]"
11,12,80,"[9, 21, 25, 25]"
11,24,66,"[7, 4, 14, 4, 25, 12]"
11,30,53,"[10, 10, 24, 9]"
11,415,1,[]
11,2,45,"[25, 20]"
11,3,60,"[4, 11, 22, 23]"
11,28,84,"[15, 25, 21, 3, 2, 18]"
11,14,70,"[16, 5, 24, 25]"
11,16,89,"[5, 19, 15, 23, 19, 8]"
11,405,12,[]
11,3,47,"[8, 18, 14, 7]"
11,5,25,"[20, 1, 4]"
11,403,13,[]
11,5,47,"[6, 20, 11, 10]"
11,6,29,"[4, 2, 23]"
11,23,69,"[19, 3, 10, 7, 15, 15]"
11,12,25,"[9, 16]"
11,10,64,"[19, 7, 21, 17]"
11,200,11,"[10, 1]"
11,17,61,"[19, 20, 8, 14]"
11,3,37,"[2, 4, 13, 18]"
11,30,53,"[20, 2, 13, 3, 15]"
11,23,47,"[6, 2, 15, 5, 17, 2]"
11,5,59,"[6, 20, 21, 10, 2]"
11,23,18,"[1, 17]"
11,31,77,"[14, 23, 21, 19]"
11,50,65,"[8, 22, 22, 13]"
11,1,32,"[7, 25]"
11,10,86,"[18, 8, 22, 25, 4, 9]"
11,14,58,"[15, 24, 12, 7]"
11,47,54,"[21, 24, 9]"
11,62,88,"[18, 12, 19, 3, 25, 9, 2]"
11,5,55,"[12, 18, 25]"
11,3,41,"[18, 12, 11]"
11,2,69,"[6, 16, 22, 25]"
11,2,34,"[18, 16]"
11,10,35,"[19, 6, 8, 2]"
11,15,48,"[6, 7, 15, 3, 17]"
11,64,76,"[8, 21, 13, 23, 11]"
11,97,35,"[1, 17, 12, 5]"
11,9,51,"[17, 9, 25]"
11,65,80,"[17, 20, 12, 1, 13, 17]"
11,13,39,"[9, 19, 11]"
11,23,86,"[3, 2, 19, 14, 19, 18, 11]"
11,6,16,[16]
11,34,86,"[19, 8, 20, 18, 11, 4, 6]"
11,14,42,"[21, 21]"
11,95,18,"[2, 11, 5]"
11,39,77,"[18, 3, 22, 22, 12]"
11,43,77,"[3, 3, 20, 6, 12, 17, 16]"
11,2,24,[24]
11,0,18,[18]
11,3,25,"[22, 1, 2]"
11,10,77,"[2, 13, 13, 10, 19, 20]"
11,15,35,"[25, 5, 5]"
11,65,80,"[1, 19, 8, 16, 23, 8, 5]"
11,8,35,"[19, 11, 5]"
11,30,69,"[17, 24, 17, 11]"
11,0,13,"[4, 9]"
11,36,74,"[11, 19, 22, 22]"
11,43,84,"[8, 14, 7, 8, 24, 21, 2]"
11,5,25,"[10, 14, 1]"
11,20,75,"[11, 23, 12, 12, 17]"
11,22,42,"[7, 12, 14, 2, 7]"
11,1,23,"[1, 22]"
11,0,1,[1]
11,3,23,"[11, 12]"
11,28,69,"[25, 16, 22, 6]"
11,3,39,"[17, 11, 11]"
11,14,29,"[15, 11, 3]"
11,43,93,"[22, 13, 22, 2, 19, 15]"
11,10,58,"[11, 23, 18, 6]"
11,4,25,"[22, 3]"
11,5,36,"[9, 21, 6]"
11,27,100,"[19, 22, 11, 9, 16, 23]"
11,34,91,"[12, 16, 23, 10, 10, 20]"
11,10,59,"[3, 19, 18, 19]"
11,17,38,"[10, 5, 20, 3]"
11,12,44,"[23, 21]"
11,216,149,"[24, 4, 17, 17, 22, 7, 19, 25, 14]"
11,444,234,[]
11,423,817,[]
11,420,552,[]
11,427,924,[]
11,423,702,[]
11,423,142,[]
11,443,606,[]
11,424,628,[]
11,423,145,[]
11,423,216,[]
11,421,248,[]
11,425,263,[]
11,442,721,[]
11,893,590,[]
11,424,780,[]
11,425,274,[]
11,423,715,[]
11,427,655,[]
11,424,436,[]
11,427,888,[]
11,422,352,[]
11,426,292,[]
11,420,623,[]
11,423,158,[]
11,423,706,[]
11,434,540,[]
11,427,121,[]
11,422,244,[]
11,422,537,[]
11,427,360,[]
11,425,216,[]
11,423,866,[]
11,427,182,[]
11,426,711,[]
11,421,597,[]
11,419,959,[]
11,216,107,"[2, 5, 9, 17, 18, 23, 9, 24]"
11,474,845,[]
11,452,745,[]
11,458,512,[]
11,456,618,[]
11,422,849,[]
11,423,275,[]
11,443,688,[]
11,424,161,[]
11,421,680,[]
11,422,560,[]
11,422,415,[]
11,433,708,[]
11,443,769,[]
11,422,952,[]
11,423,337,[]
11,443,575,[]
11,446,319,[]
11,421,830,[]
11,443,430,[]
11,433,237,[]
11,423,457,[]
11,232,127,"[21, 15, 16, 25, 11, 25, 5, 8, 1]"
11,462,238,[]
11,427,888,[]
11,433,724,[]
11,443,617,[]
11,423,999,[]
11,422,361,[]
11,433,350,[]
11,408,186,[]
11,400,248,[]
11,400,214,[]
11,420,133,[]
11,402,883,[]
11,401,255,[]
11,401,572,[]
11,404,386,[]
11,401,200,[]
11,401,863,[]
11,440,488,[]
11,412,188,[]
11,413,947,[]
11,402,210,[]
11,884,722,[]
11,409,251,[]
11,411,637,[]
11,410,370,[]
11,21,109,"[24, 11, 14, 15, 23, 22]"
11,410,293,[]
11,424,109,[]
11,483,516,[]
11,441,331,[]
11,456,982,[]
11,440,802,[]
11,440,236,[]
11,441,958,[]
11,507,603,[]
11,442,862,[]
11,442,536,[]
11,444,659,[]
11,440,752,[]
11,438,652,[]
11,461,2407,[]
11,438,8721,[]
11,440,7865,[]
11,443,6740,[]
11,437,5888,[]
11,443,1130,[]
11,464,9981,[]
11,440,1521,[]
11,443,8034,[]
11,445,1227,[]
11,441,6617,[]
11,443,4603,[]
11,464,1165,[]
11,436,2563,[]
11,425,8830,[]
11,423,3287,[]
11,426,4193,[]
11,435,9332,[]
11,466,4645,[]
11,435,9035,[]
11,414,2571,[]
11,409,7893,[]
11,399,9754,[]
11,401,8685,[]
11,420,6352,[]
11,401,5692,[]
11,400,1180,[]
11,401,1072,[]
11,411,9026,[]
11,414,9381,[]
11,433,9246,[]
11,412,9653,[]
11,431,2419,[]
11,455,2482,[]
11,416,1721,[]
11,410,8359,[]
11,434,4298,[]
11,409,7401,[]
11,412,3875,[]
11,410,5967,[]
11,466,6459,[]
11,441,9450,[]
11,432,8083,[]
11,462,6907,[]
11,427,2148,[]
11,411,4432,[]
11,412,4907,[]
11,411,8325,[]
11,431,7503,[]
11,828,8501,[]
11,442,7146,[]
11,427,5921,[]
11,410,5316,[]
11,411,8776,[]
11,412,9753,[]
11,411,9486,[]
11,414,9617,[]
11,411,8352,[]
11,437,1154,[]
11,439,4144,[]
11,425,7465,[]
11,431,4060,[]
11,467,1923,[]
11,426,2782,[]
11,475,3168,[]
11,444,2784,[]
11,507,7791,[]
11,443,2529,[]
11,445,2245,[]
11,421,5090,[]
11,431,9441,[]
11,425,6063,[]
11,413,1092,[]
11,413,5482,[]
11,411,9297,[]
11,409,8427,[]
11,412,1188,[]
11,411,8932,[]
11,412,4160,[]
11,414,9805,[]
11,413,2572,[]
11,433,8419,[]
11,421,1404,[]
11,420,4564,[]
11,497,8948,[]
11,455,4356,[]
11,473,5388,[]
11,459,7541,[]
11,456,2854,[]
11,426,8975,[]
11,421,6428,[]
11,422,2027,[]
11,421,2740,[]
11,421,9905,[]
11,430,5191,[]
11,421,9560,[]
11,421,3293,[]
11,420,7978,[]
11,421,1564,[]
11,421,2783,[]
6,14,68,[]
6,13,75,[]
6,11,47,"[5, 14, 3, 25]"
6,10,73,"[22, 16, 24, 11]"
6,13,3,[]
6,6,34,"[5, 11, 8, 1, 9]"
6,12,80,[]
6,11,77,[]
6,0,12,"[6, 6]"
6,12,66,[]
6,12,83,[]
6,5,78,"[4, 25, 14, 14, 21]"
6,1,33,"[15, 18]"
6,13,2,[]
6,3,33,"[9, 24]"
6,11,57,[]
6,11,95,[]
6,12,34,[]
6,13,83,[]
6,3,36,"[3, 14, 10, 9]"
6,4,40,"[17, 23]"
6,12,26,[]
6,10,65,"[18, 15, 20, 12]"
6,9,47,"[9, 6, 8, 3, 21]"
6,10,89,[]
6,10,74,[]
6,11,15,[]
6,4,25,"[24, 1]"
6,11,90,[]
6,11,73,[]
6,12,89,"[22, 22, 19, 16, 3, 7]"
6,12,78,[]
6,10,43,[]
6,10,78,[]
6,11,68,[]
6,10,72,[]
6,10,18,[]
6,10,74,[]
6,6,27,"[3, 24]"
6,10,68,[]
6,10,22,[]
6,11,64,[]
6,5,57,"[13, 17, 3, 24]"
6,10,24,[]
6,4,27,"[1, 22, 4]"
6,10,59,"[5, 1, 20, 16, 17]"
6,10,13,[]
6,10,94,[]
6,12,79,[]
6,11,96,[]
6,11,79,[]
6,11,6,[]
6,11,59,[]
6,11,25,[]
6,6,42,"[17, 25]"
6,2,7,[7]
6,10,94,"[21, 23, 20, 6, 24]"
6,11,74,[]
6,11,75,[]
6,6,11,[11]
6,3,21,"[6, 15]"
6,4,22,"[8, 14]"
6,11,74,"[8, 8, 24, 9, 25]"
6,11,43,[]
6,12,64,[]
6,4,44,"[7, 21, 16]"
6,11,25,[]
6,11,28,[]
6,12,25,[]
6,5,37,"[8, 10, 19]"
6,10,53,"[5, 15, 23, 10]"
6,11,65,[]
6,0,35,"[6, 14, 15]"
6,12,70,[]
6,10,92,[]
6,10,44,[]
6,0,15,[15]
6,12,18,[]
6,6,5,[5]
6,11,81,[]
6,9,69,"[21, 16, 8, 24]"
6,16,76,[]
6,5,38,"[16, 14, 8]"
6,5,29,"[10, 12, 7]"
6,13,70,[]
6,1,30,"[25, 5]"
6,11,41,[]
6,12,39,[]
6,3,13,[13]
6,2,17,"[8, 9]"
6,12,51,[]
6,4,43,"[6, 19, 18]"
6,11,80,[]
6,4,12,"[6, 6]"
6,11,63,[]
6,11,94,[]
6,11,87,[]
6,12,65,"[5, 8, 13, 8, 6, 25]"
6,11,87,[]
6,11,12,[]
6,11,839,[]
6,11,950,[]
6,11,982,[]
6,12,998,[]
6,12,533,[]
6,12,655,[]
6,11,289,[]
6,11,298,[]
6,12,377,[]
6,11,354,[]
6,11,561,[]
6,11,731,[]
6,13,372,[]
6,12,630,[]
6,11,289,[]
6,12,121,[]
6,11,676,[]
6,11,811,[]
6,11,690,[]
6,11,177,[]
6,12,991,[]
6,13,327,[]
6,12,252,[]
6,11,994,[]
6,11,765,[]
6,11,798,[]
6,11,240,[]
6,12,233,[]
6,13,737,[]
6,11,216,[]
6,11,691,[]
6,12,801,[]
6,11,822,[]
6,12,924,[]
6,11,325,[]
6,12,280,[]
6,12,797,[]
6,11,366,[]
6,11,487,[]
6,11,621,[]
6,11,736,[]
6,12,969,[]
6,12,854,[]
6,11,899,[]
6,10,851,[]
6,10,830,[]
6,12,167,[]
6,12,769,[]
6,11,560,[]
6,11,709,[]
6,11,743,[]
6,12,371,[]
6,10,207,[]
6,10,121,[]
6,11,170,[]
6,10,990,[]
6,11,840,[]
6,10,362,[]
6,10,499,[]
6,11,973,[]
6,12,340,[]
6,12,401,[]
6,11,598,[]
6,11,112,[]
6,11,780,[]
6,12,419,[]
6,11,458,[]
6,11,226,[]
6,12,720,[]
6,12,243,[]
6,11,680,[]
6,10,727,[]
6,12,309,[]
6,11,561,[]
6,16,654,[]
6,13,861,[]
6,11,990,[]
6,13,790,[]
6,12,494,[]
6,11,746,[]
6,11,800,[]
6,12,535,[]
6,11,592,[]
6,11,936,[]
6,11,978,[]
6,12,531,[]
6,12,285,[]
6,13,164,[]
6,12,355,[]
6,12,605,[]
6,11,813,[]
6,11,614,[]
6,11,344,[]
6,11,836,[]
6,11,982,[]
6,12,419,[]
6,11,991,[]
6,12,262,[]
6,11,553,[]
6,11,139,[]
6,11,3581,[]
6,11,7421,[]
6,11,9137,[]
6,12,4545,[]
6,12,4343,[]
6,12,1711,[]
6,12,3956,[]
6,11,1983,[]
6,11,2482,[]
6,11,8738,[]
6,10,8208,[]
6,11,5231,[]
6,10,7373,[]
6,10,8327,[]
6,10,7007,[]
6,10,7507,[]
6,11,7347,[]
6,11,5974,[]
6,11,9680,[]
6,11,6507,[]
6,10,7385,[]
6,10,1197,[]
6,10,8707,[]
6,11,7416,[]
6,11,8951,[]
6,11,2395,[]
6,10,3918,[]
6,11,9498,[]
6,10,7958,[]
6,10,6766,[]
6,11,9798,[]
6,12,7528,[]
6,10,1476,[]
6,10,2262,[]
6,10,4898,[]
6,11,6257,[]
6,12,3357,[]
6,11,1213,[]
6,11,7144,[]
6,11,8623,[]
6,11,1083,[]
6,12,1224,[]
6,11,1003,[]
6,11,3452,[]
6,12,5679,[]
6,12,4608,[]
6,11,9968,[]
6,11,4240,[]
6,11,5457,[]
6,10,2415,[]
6,10,8924,[]
6,10,2809,[]
6,11,6982,[]
6,11,1385,[]
6,11,8927,[]
6,12,2152,[]
6,12,7237,[]
6,11,6336,[]
6,11,4411,[]
6,12,3955,[]
6,12,3469,[]
6,11,7996,[]
6,11,9565,[]
6,10,3756,[]
6,11,9798,[]
6,11,6354,[]
6,11,2905,[]
6,10,7867,[]
6,10,8280,[]
6,10,4668,[]
6,10,3018,[]
6,10,6630,[]
6,10,4116,[]
6,12,8522,[]
6,12,7131,[]
6,11,9621,[]
6,10,8589,[]
6,10,7160,[]
6,11,8322,[]
6,10,7287,[]
6,10,7846,[]
6,10,9809,[]
6,11,1590,[]
6,10,6158,[]
6,11,1462,[]
6,12,7472,[]
6,12,8253,[]
6,12,8442,[]
6,11,7757,[]
6,11,8693,[]
6,12,1671,[]
6,11,9202,[]
6,11,6459,[]
6,11,4752,[]
6,12,7383,[]
6,12,6556,[]
6,11,9060,[]
6,11,1715,[]
6,12,6626,[]
6,12,3163,[]
14,20,77,"[5, 17, 12, 21, 22]"
14,32,62,"[1, 5, 18, 16, 22]"
14,1,10,"[6, 4]"
14,10,16,"[1, 15]"
14,64,96,"[18, 25, 25, 15, 1, 12]"
14,2,26,"[21, 2, 3]"
14,19,52,"[7, 21, 23, 1]"
14,19,79,"[24, 12, 3, 17, 23]"
14,20,58,"[16, 25, 1, 14, 2]"
14,85,79,"[2, 24, 10, 5, 17, 21]"
14,4171,1,[]
14,6,2,[2]
14,10,49,"[5, 12, 23, 9]"
14,3,18,"[16, 2]"
14,0,39,"[17, 22]"
14,19,95,"[22, 1, 23, 14, 25, 10]"
14,113,71,"[15, 18, 15, 23]"
14,11,51,"[14, 12, 7, 1, 17]"
14,4833,9,[]
14,5,1,[1]
14,30,39,"[3, 20, 16]"
14,104,40,"[21, 19]"
14,67,56,"[19, 13, 12, 12]"
14,66,10,"[3, 3, 4]"
14,1,9,"[2, 7]"
14,10,60,"[11, 16, 16, 17]"
14,33,76,"[16, 2, 22, 16, 20]"
14,8,36,"[11, 10, 15]"
14,97,17,[17]
14,167,78,"[24, 8, 12, 3, 24, 7]"
14,24,41,"[6, 6, 17, 12]"
14,5,61,"[21, 15, 8, 17]"
14,4,54,"[14, 24, 16]"
14,10,63,"[18, 14, 8, 23]"
14,10,52,"[12, 12, 8, 20]"
14,14,21,"[14, 7]"
14,7,6,[6]
14,202,100,"[14, 14, 25, 10, 4, 13, 20]"
14,7,15,[15]
14,1,8,[8]
14,14,45,"[14, 4, 24, 3]"
14,14,73,"[8, 8, 22, 14, 21]"
14,7,22,"[10, 10, 2]"
14,16,79,"[20, 13, 22, 1, 23]"
14,0,22,[22]
14,10,54,"[12, 18, 16, 8]"
14,9,10,"[1, 9]"
14,5,21,"[2, 19]"
14,4120,8,[]
14,30,54,"[18, 1, 5, 24, 6]"
14,4036,3,[]
14,12,27,"[24, 3]"
14,25,90,"[3, 3, 23, 18, 22, 21]"
14,7,70,"[24, 14, 4, 9, 19]"
14,33,69,"[17, 5, 25, 9, 13]"
14,5,48,"[23, 14, 11]"
14,136,95,"[21, 10, 3, 9, 7, 22, 23]"
14,5,56,"[3, 24, 18, 11]"
14,10,73,"[6, 14, 10, 23, 20]"
14,13,51,"[25, 17, 9]"
14,36,92,"[14, 7, 23, 4, 19, 21, 4]"
14,38,32,"[19, 13]"
14,34,87,"[9, 25, 25, 4, 24]"
14,6,34,"[12, 22]"
14,91,96,"[13, 7, 20, 21, 3, 5, 5, 22]"
14,8,56,"[15, 5, 15, 21]"
14,0,36,"[25, 11]"
14,13,24,[24]
14,217,98,"[8, 8, 15, 4, 1, 21, 19, 11, 11]"
14,39,88,"[24, 23, 6, 11, 24]"
14,80,79,"[25, 4, 1, 17, 4, 14, 14]"
14,8,68,"[23, 16, 10, 19]"
14,46,99,"[21, 4, 24, 19, 8, 23]"
14,1,18,[18]
14,9,37,"[3, 1, 6, 3, 24]"
14,2,28,"[23, 5]"
14,2,36,"[10, 16, 10]"
14,23,77,"[14, 24, 23, 2, 14]"
14,1364,95,"[7, 22, 4, 11, 14, 4, 8, 5, 2, 3, 15]"
14,54,21,"[17, 4]"
14,6,49,"[7, 9, 9, 24]"
14,46,70,"[4, 18, 1, 13, 15, 19]"
14,32,12,[12]
14,20,67,"[24, 14, 15, 14]"
14,23,85,"[20, 21, 6, 15, 23]"
14,92,89,"[13, 7, 6, 17, 14, 24, 8]"
14,26,72,"[6, 21, 2, 25, 4, 8, 6]"
14,9,63,"[19, 14, 11, 19]"
14,1,21,"[5, 16]"
14,3,11,[11]
14,1,40,"[23, 3, 14]"
14,37,82,"[3, 23, 8, 12, 20, 11, 5]"
14,8,22,"[16, 4, 2]"
14,6,43,"[3, 16, 12, 12]"
14,100,88,"[12, 17, 12, 12, 4, 8, 17, 6]"
14,14,42,"[17, 3, 22]"
14,11,29,"[13, 3, 10, 3]"
14,4,32,"[7, 14, 11]"
14,21,78,"[13, 17, 6, 24, 18]"
14,68,89,"[25, 2, 18, 8, 22, 14]"
14,3946,757,[]
14,3813,784,[]
14,4670,266,[]
14,4036,299,[]
14,4036,714,[]
14,4079,758,[]
14,4109,269,[]
14,4348,792,[]
14,4926,682,[]
14,3958,799,[]
14,3818,496,[]
14,3888,706,[]
14,4004,675,[]
14,4150,837,[]
14,4706,507,[]
14,4170,507,[]
14,4084,829,[]
14,3996,274,[]
14,2393,192,"[22, 6, 14, 24, 23, 24, 21, 10, 19, 10, 19]"
14,3931,415,[]
14,3302,188,"[2, 21, 11, 18, 23, 16, 9, 18, 22, 15, 13, 20]"
14,3806,765,[]
14,3822,264,[]
14,3825,352,[]
14,3862,205,[]
14,3924,903,[]
14,4434,817,[]
14,3742,866,[]
14,3674,330,[]
14,869,150,"[24, 8, 24, 1, 23, 9, 24, 11, 15, 6, 5]"
14,3947,226,[]
14,3901,711,[]
14,3978,242,[]
14,4040,230,[]
14,3714,959,[]
14,3759,878,[]
14,3799,342,[]
14,3807,320,[]
14,4503,882,[]
14,3983,593,[]
14,4094,719,[]
14,4023,272,[]
14,4212,902,[]
14,5089,333,[]
14,4681,793,[]
14,3862,960,[]
14,416,156,"[19, 21, 22, 4, 11, 14, 6, 25, 17, 17]"
14,3823,749,[]
14,3844,512,[]
14,422,146,"[14, 25, 18, 10, 9, 15, 9, 18, 16, 12]"
14,3818,340,[]
14,3855,332,[]
14,4513,423,[]
14,3980,565,[]
14,4229,500,[]
14,313,153,"[24, 24, 21, 24, 21, 22, 2, 15]"
14,3966,417,[]
14,3884,457,[]
14,4772,438,[]
14,4070,754,[]
14,3748,509,[]
14,3839,992,[]
14,3726,958,[]
14,3727,466,[]
14,4354,982,[]
14,3728,825,[]
14,3788,456,[]
14,3872,764,[]
14,3853,687,[]
14,3937,909,[]
14,4190,428,[]
14,3581,475,[]
14,3718,843,[]
14,3726,548,[]
14,46,104,"[20, 18, 12, 16, 14, 12, 12]"
14,3763,973,[]
14,3784,617,[]
14,4243,702,[]
14,3861,388,[]
14,3867,599,[]
14,3878,691,[]
14,3983,191,[]
14,3750,841,[]
14,4009,443,[]
14,3739,427,[]
14,3756,725,[]
14,3773,983,[]
14,3822,769,[]
14,4544,986,[]
14,3868,765,[]
14,3901,794,[]
14,3909,132,[]
14,3706,753,[]
14,3682,259,[]
14,4284,723,[]
14,190,125,"[3, 13, 24, 5, 15, 22, 24, 19]"
14,643,143,"[16, 11, 15, 23, 11, 12, 14, 24, 17]"
14,3858,596,[]
14,3724,709,[]
14,3742,698,[]
14,3730,1065,[]
14,17198,9253,[]
14,13793,4168,[]
14,3944,2449,[]
14,3948,6420,[]
14,4230,8720,[]
14,7934,2095,[]
14,5008,5276,[]
14,4420,7387,[]
14,3706,7621,[]
14,3736,4858,[]
14,3890,1890,[]
14,4138,5438,[]
14,4550,7829,[]
14,3785,9163,[]
14,3874,3782,[]
14,4269,7601,[]
14,3964,7266,[]
14,3782,8089,[]
14,4590,1224,[]
14,4080,4462,[]
14,3754,8829,[]
14,3845,5922,[]
14,3947,9392,[]
14,4057,8539,[]
14,4445,8762,[]
14,3974,4731,[]
14,4024,1610,[]
14,3882,6488,[]
14,3766,3571,[]
14,3628,9583,[]
14,4168,2345,[]
14,3702,8326,[]
14,4070,7325,[]
14,3770,2864,[]
14,3916,5391,[]
14,4695,5991,[]
14,3964,8209,[]
14,3751,2840,[]
14,3702,8613,[]
14,3698,8625,[]
14,3783,4955,[]
14,4431,4271,[]
14,3837,7249,[]
14,3818,3468,[]
14,3916,2089,[]
14,3918,8621,[]
14,3886,5182,[]
14,4209,3055,[]
14,3750,7247,[]
14,3746,9367,[]
14,3725,1687,[]
14,3838,2637,[]
14,3795,6630,[]
14,4261,7812,[]
14,3929,4191,[]
14,3903,2507,[]
14,3957,4733,[]
14,3966,7397,[]
14,3753,7767,[]
14,4009,1571,[]
14,3731,3981,[]
14,3789,3728,[]
14,3818,7858,[]
14,3796,1483,[]
14,4508,3490,[]
14,3878,2712,[]
14,3941,5649,[]
14,3925,8089,[]
14,3704,7702,[]
14,3710,4158,[]
14,4281,2930,[]
14,3796,5638,[]
14,3803,6092,[]
14,3802,4167,[]
14,3849,6245,[]
14,3854,7809,[]
14,4343,6457,[]
14,3919,6617,[]
14,3725,9670,[]
14,3686,4421,[]
14,3745,2019,[]
14,3744,5527,[]
14,4157,8520,[]
14,3864,1487,[]
14,3787,4207,[]
14,3868,8705,[]
14,3881,7207,[]
14,4775,1901,[]
14,3720,3344,[]
14,3690,7677,[]
14,3730,4712,[]
14,3791,9709,[]
14,3798,1505,[]
14,4443,3704,[]
14,3814,4198,[]
14,3869,2221,[]
14,3864,7189,[]
14,3924,8836,[]
14,3940,9111,[]
12,2,46,"[21, 25]"
12,72,87,"[25, 18, 12, 6, 13, 12, 1]"
12,10,68,"[12, 25, 1, 19, 11]"
12,2,49,"[22, 8, 19]"
12,16,50,"[9, 3, 25, 13]"
12,20,61,"[15, 22, 20, 1, 3]"
12,9,52,"[10, 19, 7, 16]"
12,61,73,"[15, 14, 17, 24, 3]"
12,0,14,[14]
12,845,8,[]
12,17,76,"[5, 21, 12, 15, 11, 12]"
12,5,38,"[22, 12, 4]"
12,28,71,"[7, 25, 25, 14]"
12,400,14,"[10, 4]"
12,455,25,"[4, 21]"
12,1211,0,[]
12,18,60,"[17, 20, 23]"
12,19,61,"[21, 18, 5, 17]"
12,8,36,"[14, 22]"
12,46,12,"[6, 2, 4]"
12,73,100,"[24, 8, 20, 23, 4, 10, 11]"
12,153,90,"[4, 19, 3, 18, 12, 16, 7, 11]"
12,14,49,"[14, 23, 10, 2]"
12,31,78,"[21, 23, 15, 19]"
12,45,65,"[3, 2, 9, 5, 1, 4, 25, 16]"
12,6,19,"[8, 8, 3]"
12,5,60,"[22, 20, 8, 10]"
12,1,16,[16]
12,13,9,"[1, 3, 5]"
12,16,24,"[4, 20]"
12,29,93,"[25, 12, 12, 19, 25]"
12,29,30,"[15, 1, 14]"
12,5,52,"[16, 14, 16, 6]"
12,2,63,"[25, 17, 21]"
12,39,63,"[3, 14, 1, 11, 22, 12]"
12,22,18,[18]
12,25,37,"[4, 17, 16]"
12,38,82,"[25, 16, 7, 11, 23]"
12,16,83,"[1, 17, 25, 19, 19, 2]"
12,5,37,"[24, 8, 3, 2]"
12,10,64,"[20, 15, 8, 16, 5]"
12,10,55,"[2, 24, 5, 12, 12]"
12,2,41,"[19, 22]"
12,2,53,"[14, 18, 21]"
12,2,34,"[18, 16]"
12,13,60,"[1, 20, 19, 20]"
12,0,15,[15]
12,13,38,"[13, 13, 12]"
12,5,61,"[9, 21, 23, 4, 4]"
12,82,94,"[22, 20, 24, 1, 24, 1, 2]"
12,123,83,"[4, 1, 13, 18, 17, 7, 23]"
12,22,11,"[7, 4]"
12,823,6,[]
12,51,97,"[25, 5, 15, 9, 24, 19]"
12,179,99,"[8, 18, 15, 10, 17, 23, 8]"
12,900,1,[]
12,818,20,[]
12,51,99,"[18, 13, 13, 22, 13, 20]"
12,7,56,"[22, 11, 23]"
12,6,36,"[23, 6, 7]"
12,1,38,"[1, 13, 24]"
12,21,64,"[3, 10, 4, 18, 7, 22]"
12,6,25,[25]
12,61,93,"[24, 13, 25, 6, 13, 12]"
12,9,49,"[25, 6, 18]"
12,2,34,"[25, 9]"
12,825,8,[]
12,21,48,"[11, 2, 17, 18]"
12,83,82,"[19, 20, 13, 13, 4, 13]"
12,818,5,[]
12,820,21,[]
12,2,34,"[5, 14, 15]"
12,2,11,"[9, 2]"
12,60,75,"[25, 3, 11, 3, 10, 23]"
12,3,55,"[15, 15, 25]"
12,2,62,"[23, 22, 5, 12]"
12,103,70,"[9, 2, 16, 19, 5, 19]"
12,24,16,"[12, 4]"
12,2,29,"[10, 19]"
12,3,84,"[17, 18, 24, 25]"
12,4,32,"[19, 3, 10]"
12,0,10,[10]
12,51,6,"[1, 5]"
12,13,53,"[22, 16, 15]"
12,11,7,"[3, 4]"
12,865,5,[]
12,8,62,"[23, 16, 21, 2]"
12,4,27,"[10, 17]"
12,62,77,"[6, 9, 1, 3, 20, 21, 17]"
12,46,3,[3]
12,822,5,[]
12,3,30,"[16, 14]"
12,58,13,"[11, 2]"
12,226,13,"[7, 1, 5]"
12,14,72,"[16, 19, 6, 10, 21]"
12,36,69,"[2, 19, 1, 23, 24]"
12,14,75,"[21, 15, 20, 19]"
12,20,70,"[13, 10, 20, 25, 2]"
12,49,73,"[9, 9, 1, 25, 23, 6]"
12,23,54,"[17, 15, 22]"
12,880,149,"[13, 16, 3, 21, 2, 11, 24, 24, 11, 24]"
12,833,624,[]
12,820,471,[]
12,819,971,[]
12,819,203,"[1, 25, 23, 22, 21, 4, 22, 17, 18, 20, 19, 11]"
12,862,495,[]
12,34,104,"[11, 16, 23, 21, 22, 11]"
12,821,592,[]
12,918,961,[]
12,855,299,[]
12,843,870,[]
12,868,220,[]
12,844,401,[]
12,906,708,[]
12,864,618,[]
12,844,565,[]
12,844,642,[]
12,845,615,[]
12,1273,789,[]
12,841,394,[]
12,844,213,[]
12,171,117,"[21, 23, 17, 12, 25, 19]"
12,841,875,[]
12,840,207,[]
12,859,707,[]
12,865,971,[]
12,905,731,[]
12,842,786,[]
12,842,990,[]
12,850,848,[]
12,888,898,[]
12,895,755,[]
12,844,925,[]
12,936,910,[]
12,841,561,[]
12,857,280,[]
12,861,804,[]
12,860,966,[]
12,937,372,[]
12,844,426,[]
12,842,317,[]
12,841,773,[]
12,842,176,[]
12,888,135,[]
12,847,298,[]
12,36,106,"[17, 19, 24, 8, 19, 1, 18]"
12,928,679,[]
12,1146,492,[]
12,843,983,[]
12,340,133,"[22, 10, 25, 14, 12, 14, 20, 16]"
12,863,670,[]
12,840,329,[]
12,888,461,[]
12,840,724,[]
12,923,291,[]
12,842,548,[]
12,846,152,[]
12,869,633,[]
12,843,298,[]
12,907,459,[]
12,843,865,[]
12,137,111,"[5, 10, 24, 20, 19, 1, 9, 23]"
12,842,280,[]
12,841,821,[]
12,838,784,[]
12,888,543,[]
12,842,853,[]
12,929,813,[]
12,41,103,"[2, 25, 12, 21, 2, 25, 16]"
12,843,400,[]
12,859,175,[]
12,874,976,[]
12,843,757,[]
12,907,956,[]
12,847,733,[]
12,841,839,[]
12,1181,161,[]
12,857,825,[]
12,921,407,[]
12,846,875,[]
12,841,242,[]
12,843,843,[]
12,852,259,[]
12,886,792,[]
12,850,178,[]
12,931,374,[]
12,844,388,[]
12,841,330,[]
12,864,349,[]
12,851,253,[]
12,906,457,[]
12,842,686,[]
12,847,161,[]
12,848,400,[]
12,843,950,[]
12,881,368,[]
12,844,548,[]
12,927,393,[]
12,834,139,"[5, 25, 15, 6, 18, 11, 9, 23, 7, 19, 1]"
12,840,480,[]
12,869,7202,[]
12,843,4868,[]
12,1276,6307,[]
12,846,1829,[]
12,850,3400,[]
12,867,4177,[]
12,854,7226,[]
12,903,4425,[]
12,848,3653,[]
12,843,5635,[]
12,842,8916,[]
12,839,8858,[]
12,891,4453,[]
12,839,9517,[]
12,945,5863,[]
12,845,6043,[]
12,846,6536,[]
12,864,7181,[]
12,841,1118,[]
12,905,6107,[]
12,840,2368,[]
12,843,6941,[]
12,844,4060,[]
12,843,3721,[]
12,883,7888,[]
12,841,8747,[]
12,924,9217,[]
12,843,8585,[]
12,852,2304,[]
12,1217,3928,[]
12,844,2955,[]
12,934,9546,[]
12,842,2435,[]
12,854,2224,[]
12,863,8861,[]
12,845,7243,[]
12,905,6065,[]
12,842,6478,[]
12,844,2010,[]
12,852,2298,[]
12,842,7511,[]
12,947,8109,[]
12,963,1295,[]
12,962,6421,[]
12,820,4950,[]
12,825,9530,[]
12,901,7817,[]
12,865,3862,[]
12,880,1545,[]
12,818,1271,[]
12,820,7868,[]
12,823,7019,[]
12,824,7647,[]
12,874,8011,[]
12,851,8189,[]
12,909,2850,[]
12,1132,6677,[]
12,824,2439,[]
12,944,9205,[]
12,864,6522,[]
12,926,7218,[]
12,845,4173,[]
12,859,9307,[]
12,868,2240,[]
12,845,1385,[]
12,972,2470,[]
12,845,5502,[]
12,859,9776,[]
12,846,4030,[]
12,850,9324,[]
12,895,3576,[]
12,844,6459,[]
12,931,6467,[]
12,843,5304,[]
12,890,9470,[]
12,871,7203,[]
12,844,2708,[]
12,928,8249,[]
12,844,7943,[]
12,844,1932,[]
12,850,4250,[]
12,845,8122,[]
12,1259,4611,[]
12,844,9253,[]
12,922,4407,[]
12,833,6271,[]
12,821,2256,[]
12,867,5306,[]
12,824,2718,[]
12,912,7058,[]
12,820,5163,[]
12,823,6407,[]
12,855,8631,[]
12,823,2690,[]
12,882,5857,[]
12,823,3545,[]
12,885,2292,[]
12,844,5040,[]
12,851,7221,[]
12,888,2582,[]
7,20,71,"[17, 22, 15, 17]"
7,23,6,[]
7,23,61,[]
7,23,4,[]
7,3,17,"[10, 2, 5]"
7,9,80,"[20, 25, 4, 18, 13]"
7,14,65,"[24, 25, 14, 2]"
7,5,29,"[13, 16]"
7,6,64,"[6, 24, 18, 16]"
7,22,34,[]
7,22,59,[]
7,8,73,"[25, 20, 3, 25]"
7,5,37,"[24, 6, 7]"
7,10,45,"[20, 7, 18]"
7,24,69,[]
7,8,33,"[4, 11, 18]"
7,2,63,"[23, 23, 17]"
7,19,68,"[15, 23, 6, 13, 11]"
7,7,55,"[16, 19, 18, 2]"
7,21,65,[]
7,16,88,"[8, 3, 23, 24, 19, 11]"
7,21,39,[]
7,21,1,[]
7,4,17,"[13, 4]"
7,22,86,[]
7,17,77,"[23, 4, 11, 15, 24]"
7,23,89,[]
7,22,24,[]
7,21,73,[]
7,23,52,[]
7,21,56,[]
7,22,81,[]
7,13,24,"[20, 4]"
7,23,88,[]
7,21,89,[]
7,10,31,"[21, 1, 9]"
7,21,85,[]
7,22,97,[]
7,3,56,"[25, 21, 10]"
7,8,24,"[4, 3, 16, 1]"
7,0,10,[10]
7,22,79,[]
7,22,32,[]
7,23,14,[]
7,1,32,"[19, 13]"
7,7,54,"[7, 20, 11, 16]"
7,22,78,[]
7,0,25,"[23, 2]"
7,5,82,"[16, 9, 14, 23, 20]"
7,4,31,"[19, 9, 3]"
7,3,51,"[18, 19, 14]"
7,23,96,[]
7,21,11,[]
7,2,39,"[9, 9, 21]"
7,16,69,"[11, 1, 16, 2, 20, 19]"
7,9,36,"[12, 12, 12]"
7,21,12,[]
7,16,100,"[13, 6, 24, 21, 16, 20]"
7,0,37,"[20, 17]"
7,21,95,[]
7,8,76,"[21, 24, 25, 6]"
7,23,0,[]
7,21,73,[]
7,22,65,[]
7,7,67,"[13, 4, 8, 20, 22]"
7,22,4,[]
7,22,88,[]
7,10,53,"[6, 15, 21, 11]"
7,11,35,"[7, 15, 13]"
7,4,30,"[11, 12, 7]"
7,5,55,"[22, 7, 6, 20]"
7,21,74,[]
7,1,26,"[4, 20, 2]"
7,15,79,"[22, 18, 25, 14]"
7,23,1,[]
7,5,20,"[11, 9]"
7,11,60,"[2, 6, 8, 8, 23, 13]"
7,22,12,[]
7,3,19,[19]
7,19,94,"[10, 15, 18, 12, 21, 18]"
7,7,62,"[25, 20, 17]"
7,0,24,[24]
7,5,1,[1]
7,1,35,"[16, 19]"
7,10,18,"[9, 9]"
7,5,37,"[25, 3, 9]"
7,2,46,"[14, 23, 9]"
7,22,8,[]
7,10,56,"[4, 1, 12, 8, 6, 25]"
7,1,17,"[11, 6]"
7,10,67,"[3, 19, 17, 22, 6]"
7,11,32,"[14, 8, 10]"
7,23,90,[]
7,23,90,[]
7,22,3,[]
7,22,85,[]
7,8,59,"[25, 18, 9, 7]"
7,3,17,[17]
7,21,69,[]
7,1,23,"[5, 18]"
7,22,604,[]
7,22,208,[]
7,22,552,[]
7,23,640,[]
7,22,623,[]
7,21,364,[]
7,21,179,[]
7,22,194,[]
7,22,294,[]
7,23,198,[]
7,21,838,[]
7,21,563,[]
7,23,281,[]
7,22,957,[]
7,22,218,[]
7,21,443,[]
7,21,286,[]
7,21,177,[]
7,21,369,[]
7,22,832,[]
7,21,270,[]
7,22,979,[]
7,21,917,[]
7,21,101,[]
7,23,875,[]
7,21,140,[]
7,21,436,[]
7,22,903,[]
7,21,500,[]
7,22,458,[]
7,22,610,[]
7,21,459,[]
7,21,175,[]
7,22,312,[]
7,27,394,[]
7,24,971,[]
7,30,807,[]
7,29,630,[]
7,24,481,[]
7,24,503,[]
7,36,793,[]
7,27,344,[]
7,28,491,[]
7,30,597,[]
7,28,645,[]
7,32,322,[]
7,24,496,[]
7,23,967,[]
7,21,843,[]
7,21,447,[]
7,21,288,[]
7,23,969,[]
7,22,526,[]
7,21,651,[]
7,21,206,[]
7,21,496,[]
7,21,758,[]
7,22,229,[]
7,21,214,[]
7,21,260,[]
7,21,631,[]
7,22,215,[]
7,22,150,[]
7,22,534,[]
7,21,780,[]
7,21,762,[]
7,21,389,[]
7,23,765,[]
7,22,300,[]
7,22,711,[]
7,22,651,[]
7,21,843,[]
7,21,421,[]
7,22,472,[]
7,22,479,[]
7,22,885,[]
7,21,326,[]
7,23,226,[]
7,22,298,[]
7,22,856,[]
7,22,415,[]
7,21,220,[]
7,21,196,[]
7,23,757,[]
7,22,934,[]
7,22,659,[]
7,21,1000,[]
7,21,849,[]
7,21,290,[]
7,22,396,[]
7,21,565,[]
7,21,224,[]
7,23,184,[]
7,21,544,[]
7,22,260,[]
7,21,868,[]
7,21,476,[]
7,23,947,[]
7,23,659,[]
7,21,999,[]
7,21,8565,[]
7,22,1604,[]
7,21,8575,[]
7,22,5518,[]
7,23,5453,[]
7,21,2506,[]
7,21,1041,[]
7,23,9530,[]
7,22,7325,[]
7,22,8567,[]
7,23,1889,[]
7,21,8229,[]
7,21,8088,[]
7,23,7073,[]
7,22,6039,[]
7,22,1713,[]
7,22,8818,[]
7,21,6833,[]
7,21,9578,[]
7,23,9595,[]
7,22,7468,[]
7,22,9703,[]
7,22,6028,[]
7,21,6746,[]
7,23,6961,[]
7,21,9685,[]
7,21,8840,[]
7,22,6400,[]
7,21,9857,[]
7,21,7015,[]
7,23,4573,[]
7,21,1978,[]
7,21,2304,[]
7,22,1100,[]
7,21,1198,[]
7,22,6772,[]
7,23,2090,[]
7,23,8100,[]
7,21,6699,[]
7,21,8758,[]
7,23,9631,[]
7,23,9009,[]
7,22,1768,[]
7,21,1509,[]
7,22,7669,[]
7,22,3444,[]
7,21,1605,[]
7,21,7860,[]
7,23,1917,[]
7,23,3614,[]
7,23,1460,[]
7,21,9664,[]
7,21,6145,[]
7,23,4559,[]
7,22,1000,[]
7,22,7051,[]
7,22,5856,[]
7,21,3121,[]
7,21,7122,[]
7,22,9016,[]
7,22,6104,[]
7,21,9714,[]
7,21,4438,[]
7,23,2908,[]
7,22,2759,[]
7,23,8782,[]
7,23,1763,[]
7,23,8171,[]
7,22,5952,[]
7,21,6392,[]
7,21,2213,[]
7,21,8492,[]
7,23,3697,[]
7,22,9122,[]
7,22,2984,[]
7,22,2685,[]
7,22,8202,[]
7,21,2296,[]
7,21,2464,[]
7,23,2329,[]
7,21,1172,[]
7,21,8652,[]
7,22,9925,[]
7,21,4430,[]
7,22,6337,[]
7,23,9526,[]
7,21,9126,[]
7,22,3710,[]
7,21,9826,[]
7,22,5500,[]
7,21,5459,[]
7,22,2326,[]
7,21,7193,[]
7,21,1443,[]
7,23,5796,[]
7,22,5731,[]
7,23,6097,[]
7,21,4255,[]
7,21,7520,[]
7,22,4246,[]
15,9,51,"[21, 20, 10]"
15,87,93,"[11, 3, 22, 21, 7, 21, 8]"
15,216,15,"[9, 1, 5]"
15,831,10,[10]
15,17,62,"[25, 13, 4, 2, 18]"
15,7,38,"[2, 18, 18]"
15,8,53,"[21, 18, 8, 6]"
15,8,40,"[7, 14, 14, 5]"
15,46,26,"[10, 16]"
15,16,75,"[7, 25, 13, 22, 8]"
15,185,92,"[21, 9, 8, 25, 8, 11, 10]"
15,3755,1,[1]
15,22,88,"[13, 24, 9, 24, 18]"
15,72,98,"[24, 23, 20, 15, 16]"
15,24,6,[6]
15,11,31,"[11, 20]"
15,22,74,"[2, 13, 23, 19, 9, 8]"
15,2,13,"[4, 9]"
15,202,15,"[10, 5]"
15,34,76,"[15, 14, 2, 18, 19, 8]"
15,8566,8,[]
15,15,32,"[9, 19, 4]"
15,469,100,"[20, 5, 11, 25, 5, 9, 25]"
15,1,22,"[6, 16]"
15,16,36,"[17, 2, 16, 1]"
15,21,50,"[1, 22, 1, 12, 6, 8]"
15,7866,0,[]
15,33,39,"[15, 5, 15, 4]"
15,46,91,"[13, 21, 7, 21, 4, 5, 20]"
15,118,4,"[3, 1]"
15,40,89,"[7, 21, 24, 20, 17]"
15,27,60,"[17, 18, 2, 2, 21]"
15,64,67,"[2, 25, 15, 25]"
15,208,3,"[2, 1]"
15,89,91,"[16, 19, 14, 1, 19, 20, 2]"
15,8024,4,[]
15,4,35,"[15, 20]"
15,4,58,"[25, 9, 2, 22]"
15,4,41,"[10, 12, 19]"
15,10,92,"[19, 18, 12, 24, 19]"
15,15,34,"[19, 15]"
15,24,1,[1]
15,6,61,"[24, 21, 16]"
15,61,72,"[5, 21, 8, 15, 23]"
15,30,68,"[10, 25, 21, 12]"
15,8,40,"[21, 3, 16]"
15,44,82,"[22, 11, 4, 25, 16, 1, 3]"
15,2485,7,"[1, 6]"
15,12,47,"[22, 25]"
15,4,42,"[19, 23]"
15,8,76,"[21, 24, 18, 13]"
15,10,75,"[9, 19, 13, 23, 11]"
15,0,9,[9]
15,0,4,[4]
15,8,72,"[15, 24, 24, 9]"
15,46,80,"[19, 25, 3, 25, 1, 7]"
15,259,5,"[1, 3, 1]"
15,415,9,"[6, 3]"
15,16,22,"[15, 6, 1]"
15,5,56,"[16, 2, 10, 13, 15]"
15,4,10,[10]
15,35,21,"[3, 4, 14]"
15,21,69,"[20, 9, 12, 11, 11, 6]"
15,9,50,"[6, 14, 6, 1, 23]"
15,23,61,"[2, 24, 15, 7, 13]"
15,9,56,"[24, 9, 3, 20]"
15,14,57,"[12, 8, 19, 18]"
15,3,66,"[22, 18, 25, 1]"
15,118,93,"[16, 3, 25, 10, 8, 8, 23]"
15,48,57,"[25, 22, 10]"
15,6,47,"[11, 25, 11]"
15,4,34,"[1, 20, 2, 11]"
15,7,61,"[6, 18, 1, 15, 21]"
15,4,35,"[14, 11, 10]"
15,14,68,"[18, 17, 23, 10]"
15,5,18,"[8, 4, 6]"
15,28,51,"[11, 22, 7, 11]"
15,88,98,"[14, 15, 4, 12, 17, 15, 21]"
15,28,17,"[9, 8]"
15,10,39,"[6, 11, 22]"
15,179,93,"[12, 11, 16, 12, 1, 18, 23]"
15,12,74,"[20, 21, 8, 5, 3, 17]"
15,4,37,"[17, 5, 15]"
15,2,38,"[7, 7, 24]"
15,21,71,"[22, 24, 25]"
15,7,15,"[9, 6]"
15,1,57,"[24, 24, 9]"
15,0,48,"[23, 25]"
15,41,70,"[25, 8, 5, 10, 12, 10]"
15,16,40,"[11, 5, 12, 12]"
15,21,65,"[15, 25, 15, 2, 1, 7]"
15,29,97,"[22, 13, 1, 17, 25, 19]"
15,9,30,"[3, 18, 2, 7]"
15,68,98,"[7, 18, 19, 3, 24, 17, 10]"
15,20,69,"[25, 14, 8, 9, 13]"
15,5,35,"[14, 17, 3, 1]"
15,1,18,"[2, 16]"
15,1,30,"[7, 23]"
15,21,74,"[13, 11, 23, 3, 24]"
15,4,12,"[11, 1]"
15,7975,858,[]
15,7770,685,[]
15,9036,833,[]
15,218,125,"[13, 11, 19, 8, 19, 18, 16, 12, 9]"
15,8015,382,[]
15,8050,173,[]
15,8698,974,[]
15,7907,637,[]
15,7974,697,[]
15,9065,789,[]
15,8331,543,[]
15,8357,284,[]
15,8419,620,[]
15,7838,201,[]
15,7875,314,[]
15,8307,261,[]
15,7769,297,[]
15,829,117,"[6, 11, 4, 16, 21, 18, 8, 6, 5, 4, 18]"
15,9284,950,[]
15,7665,975,[]
15,7695,300,[]
15,8956,306,[]
15,7878,917,[]
15,5873,163,"[12, 13, 17, 3, 18, 17, 13, 25, 4, 9, 10, 22]"
15,7724,380,[]
15,8056,898,[]
15,7684,816,[]
15,9132,744,[]
15,8028,273,[]
15,7905,240,[]
15,8695,761,[]
15,8183,661,[]
15,7808,430,[]
15,9381,982,[]
15,7676,516,[]
15,7956,330,[]
15,8829,770,[]
15,8076,557,[]
15,7970,253,[]
15,8703,988,[]
15,7800,371,[]
15,7958,384,[]
15,8572,400,[]
15,8220,492,[]
15,8561,601,[]
15,8645,950,[]
15,7741,918,[]
15,8073,562,[]
15,8384,947,[]
15,8217,671,[]
15,7649,457,[]
15,8103,946,[]
15,8178,844,[]
15,9338,149,[]
15,7946,485,[]
15,398,117,"[23, 1, 12, 25, 20, 11, 7, 12, 6]"
15,8067,315,[]
15,8723,807,[]
15,7887,774,[]
15,7932,318,[]
15,9101,462,[]
15,8037,365,[]
15,7926,346,[]
15,8554,261,[]
15,7967,307,[]
15,7886,962,[]
15,8838,867,[]
15,7683,952,[]
15,7743,850,[]
15,8657,715,[]
15,7959,911,[]
15,7925,948,[]
15,8220,722,[]
15,7747,711,[]
15,7678,594,[]
15,8305,496,[]
15,7840,631,[]
15,7873,312,[]
15,8187,721,[]
15,7930,411,[]
15,9231,451,[]
15,8005,713,[]
15,7973,338,[]
15,8966,867,[]
15,7932,563,[]
15,7987,488,[]
15,8731,315,[]
15,7928,591,[]
15,1745,195,"[11, 6, 22, 22, 6, 20, 12, 16, 12, 24, 14, 23, 7]"
15,7949,645,[]
15,8478,427,[]
15,7911,375,[]
15,7988,376,[]
15,8352,584,[]
15,7854,701,[]
15,7857,314,[]
15,8368,532,[]
15,8065,341,[]
15,7854,765,[]
15,1123,155,"[1, 7, 24, 22, 15, 17, 9, 21, 14, 15, 10]"
15,8090,1410,[]
15,7843,5336,[]
15,8844,4221,[]
15,7906,1486,[]
15,7957,7303,[]
15,8930,4029,[]
15,7887,2963,[]
15,7825,8937,[]
15,8739,6902,[]
15,8004,6365,[]
15,7966,9811,[]
15,8520,1828,[]
15,7751,4824,[]
15,7846,5387,[]
15,8550,1264,[]
15,7981,3733,[]
15,8033,9431,[]
15,8386,3502,[]
15,7817,2260,[]
15,7867,4887,[]
15,8395,5280,[]
15,8054,9369,[]
15,7958,5019,[]
15,8162,1666,[]
15,7895,5755,[]
15,9137,7546,[]
15,8190,5359,[]
15,8220,1144,[]
15,8963,1642,[]
15,7989,9206,[]
15,7939,5696,[]
15,9001,3013,[]
15,7916,1822,[]
15,7825,6325,[]
15,8784,1000,[]
15,8035,6908,[]
15,8013,4273,[]
15,8622,1718,[]
15,7887,5881,[]
15,7897,5714,[]
15,8600,7806,[]
15,8004,2091,[]
15,7962,2696,[]
15,8328,6128,[]
15,7869,8170,[]
15,7929,4839,[]
15,8585,9657,[]
15,7924,3192,[]
15,7822,2734,[]
15,8221,5895,[]
15,7908,4737,[]
15,9181,3927,[]
15,7904,2893,[]
15,7826,9925,[]
15,9096,9588,[]
15,7971,4531,[]
15,7984,4112,[]
15,8675,7130,[]
15,7772,3155,[]
15,7908,2798,[]
15,8946,6229,[]
15,8090,5324,[]
15,8157,7131,[]
15,8642,6905,[]
15,8143,8035,[]
15,8530,5695,[]
15,9744,9243,[]
15,10171,6606,[]
15,8387,7290,[]
15,8898,1644,[]
15,8039,8945,[]
15,7973,4933,[]
15,8807,5990,[]
15,8661,7291,[]
15,8662,2780,[]
15,8797,2635,[]
15,8794,8180,[]
15,10159,7204,[]
15,8377,2142,[]
15,8684,1258,[]
15,10075,4477,[]
15,8931,7990,[]
15,8422,2353,[]
15,9629,2681,[]
15,8234,5057,[]
15,8591,1797,[]
15,9767,1176,[]
15,8439,9235,[]
15,7970,6401,[]
15,9032,3484,[]
15,7992,3852,[]
15,7868,6191,[]
15,8950,2342,[]
15,7714,6400,[]
15,7890,5493,[]
15,8455,5113,[]
15,7879,5677,[]
15,7948,5469,[]
15,8419,4336,[]
15,8103,9699,[]
1,0,48,[]
1,0,34,[]
1,1,2,[]
1,0,57,[]
1,0,73,[]
1,0,93,[]
1,0,40,[]
1,0,2,[]
1,0,5,[]
1,0,28,[]
1,1,83,[]
1,0,25,[]
1,0,23,[]
1,0,21,[]
1,0,38,[]
1,0,31,[]
1,0,89,[]
1,0,41,[]
1,0,47,[]
1,1,4,[]
1,0,95,[]
1,0,37,[]
1,0,60,[]
1,0,58,[]
1,0,81,[]
1,1,10,[]
1,0,5,[5]
1,0,45,[]
1,0,81,[]
1,0,18,[]
1,1,88,[]
1,0,66,[]
1,0,14,[]
1,0,54,[]
1,0,97,[]
1,0,47,[]
1,1,39,[]
1,0,33,[]
1,0,59,[]
1,0,10,[]
1,0,46,[]
1,0,100,[]
1,0,73,[]
1,0,28,[]
1,0,40,[]
1,0,43,[]
1,0,95,[]
1,1,8,[]
1,0,91,[]
1,0,27,[]
1,0,9,[]
1,0,46,[]
1,0,91,[]
1,1,84,[]
1,0,88,[]
1,0,17,[]
1,0,86,[]
1,0,64,[]
1,0,97,[]
1,1,23,[]
1,0,11,[]
1,0,31,[]
1,0,98,[]
1,0,55,[]
1,0,74,[]
1,1,46,[]
1,0,82,[]
1,0,97,[]
1,0,80,[]
1,0,74,[]
1,0,69,[]
1,1,77,[]
1,0,49,[]
1,0,8,[]
1,0,79,[]
1,0,98,[]
1,0,28,[]
1,0,19,[]
1,0,33,[]
1,0,57,[]
1,0,12,[]
1,0,78,[]
1,0,71,[]
1,1,6,[]
1,0,41,[]
1,0,90,[]
1,1,34,[]
1,0,84,[]
1,0,62,[]
1,0,5,[]
1,0,16,[]
1,0,89,[]
1,1,96,[]
1,0,40,[]
1,0,95,[]
1,0,22,[]
1,0,100,[]
1,0,13,[]
1,0,38,[]
1,0,41,[]
1,0,558,[]
1,0,472,[]
1,0,806,[]
1,0,507,[]
1,0,270,[]
1,0,433,[]
1,0,552,[]
1,0,108,[]
1,0,967,[]
1,0,809,[]
1,0,585,[]
1,0,430,[]
1,0,258,[]
1,0,906,[]
1,0,416,[]
1,0,387,[]
1,0,571,[]
1,0,627,[]
1,1,783,[]
1,0,390,[]
1,0,788,[]
1,0,144,[]
1,0,474,[]
1,0,559,[]
1,1,446,[]
1,0,215,[]
1,0,208,[]
1,0,529,[]
1,0,718,[]
1,0,130,[]
1,0,731,[]
1,0,172,[]
1,0,655,[]
1,0,610,[]
1,0,443,[]
1,0,774,[]
1,0,959,[]
1,1,925,[]
1,0,600,[]
1,0,582,[]
1,0,360,[]
1,0,401,[]
1,0,518,[]
1,1,626,[]
1,0,225,[]
1,0,511,[]
1,0,757,[]
1,0,722,[]
1,0,989,[]
1,0,668,[]
1,0,906,[]
1,0,622,[]
1,0,854,[]
1,0,347,[]
1,0,991,[]
1,0,258,[]
1,0,301,[]
1,0,628,[]
1,0,186,[]
1,0,550,[]
1,0,179,[]
1,0,246,[]
1,0,616,[]
1,0,459,[]
1,0,157,[]
1,0,630,[]
1,0,174,[]
1,0,376,[]
1,0,911,[]
1,0,842,[]
1,0,207,[]
1,0,398,[]
1,0,118,[]
1,0,577,[]
1,0,246,[]
1,0,450,[]
1,0,324,[]
1,0,346,[]
1,0,540,[]
1,0,720,[]
1,0,743,[]
1,0,533,[]
1,0,932,[]
1,0,616,[]
1,1,495,[]
1,0,117,[]
1,0,882,[]
1,0,405,[]
1,0,767,[]
1,0,256,[]
1,1,426,[]
1,0,759,[]
1,0,347,[]
1,0,326,[]
1,0,662,[]
1,0,424,[]
1,0,911,[]
1,0,113,[]
1,0,462,[]
1,0,833,[]
1,0,3744,[]
1,0,9946,[]
1,0,7729,[]
1,0,7779,[]
1,0,8066,[]
1,0,3437,[]
1,0,8252,[]
1,0,8207,[]
1,0,7317,[]
1,0,9991,[]
1,0,7949,[]
1,1,2206,[]
1,0,5054,[]
1,0,7415,[]
1,0,7835,[]
1,0,6892,[]
1,0,5148,[]
1,1,1828,[]
1,0,4723,[]
1,0,7494,[]
1,0,2456,[]
1,0,3661,[]
1,1,5862,[]
1,0,9043,[]
1,0,5235,[]
1,0,8782,[]
1,0,2759,[]
1,0,1917,[]
1,1,9656,[]
1,0,8705,[]
1,0,3545,[]
1,0,5752,[]
1,0,1550,[]
1,0,7275,[]
1,0,2423,[]
1,0,5694,[]
1,0,7078,[]
1,0,1237,[]
1,0,3522,[]
1,0,3928,[]
1,0,2879,[]
1,0,4952,[]
1,0,4186,[]
1,0,4739,[]
1,0,8526,[]
1,0,3881,[]
1,0,8656,[]
1,0,7961,[]
1,0,2867,[]
1,0,4752,[]
1,0,5431,[]
1,0,8182,[]
1,0,4454,[]
1,0,9074,[]
1,0,5072,[]
1,0,2926,[]
1,0,7979,[]
1,0,3059,[]
1,0,8029,[]
1,0,4632,[]
1,0,6211,[]
1,1,6955,[]
1,0,2442,[]
1,0,5136,[]
1,0,4781,[]
1,0,4754,[]
1,0,1201,[]
1,1,4412,[]
1,0,9810,[]
1,0,7380,[]
1,0,8667,[]
1,0,7389,[]
1,0,3469,[]
1,1,1595,[]
1,0,2685,[]
1,0,9884,[]
1,0,1133,[]
1,0,8818,[]
1,0,2140,[]
1,1,1988,[]
1,0,9648,[]
1,0,7865,[]
1,0,8053,[]
1,0,1133,[]
1,1,4976,[]
1,0,6091,[]
1,0,6617,[]
1,0,4528,[]
1,0,3711,[]
1,0,8103,[]
1,1,9506,[]
1,0,3295,[]
1,0,8798,[]
1,0,9569,[]
1,0,2880,[]
1,0,9554,[]
1,1,9726,[]
1,0,4527,[]
1,0,2420,[]
1,0,4917,[]
13,3,13,"[10, 3]"
13,66,37,"[17, 20]"
13,123,73,"[2, 6, 16, 12, 8, 24, 5]"
13,3,23,"[1, 3, 19]"
13,16,71,"[20, 9, 24, 10, 8]"
13,0,24,"[19, 5]"
13,9,38,"[14, 5, 5, 14]"
13,5,30,"[10, 2, 15, 3]"
13,21,85,"[18, 1, 17, 12, 21, 16]"
13,8,27,"[22, 5]"
13,45,36,"[25, 3, 8]"
13,67,83,"[20, 12, 1, 1, 16, 12, 21]"
13,0,17,[17]
13,30,58,"[7, 7, 14, 22, 8]"
13,65,94,"[23, 14, 4, 24, 17, 12]"
13,15,44,"[19, 3, 22]"
13,420,98,"[9, 11, 16, 4, 14, 6, 6, 10, 14, 8]"
13,7,61,"[14, 13, 20, 14]"
13,44,82,"[4, 23, 23, 15, 7, 7, 3]"
13,24,34,"[24, 10]"
13,1708,21,[]
13,2,32,"[12, 1, 14, 5]"
13,25,47,"[24, 17, 6]"
13,31,65,"[17, 8, 12, 17, 11]"
13,5,41,"[11, 3, 23, 4]"
13,13,47,"[5, 21, 7, 14]"
13,20,87,"[24, 7, 22, 16, 11, 7]"
13,29,66,"[22, 14, 21, 9]"
13,3,49,"[13, 18, 18]"
13,11,30,"[2, 19, 9]"
13,12,61,"[11, 9, 3, 24, 8, 6]"
13,17,59,"[16, 7, 5, 15, 16]"
13,57,16,"[8, 8]"
13,8,49,"[15, 11, 23]"
13,87,77,"[20, 15, 15, 6, 1, 20]"
13,14,36,"[8, 22, 6]"
13,1691,0,[]
13,0,11,[11]
13,8,44,"[7, 8, 4, 25]"
13,14,33,"[25, 4, 4]"
13,1714,5,[]
13,5,49,"[23, 4, 5, 11, 6]"
13,11,68,"[12, 5, 17, 23, 11]"
13,1817,10,[]
13,19,50,"[20, 14, 16]"
13,9,54,"[14, 9, 23, 8]"
13,63,82,"[12, 19, 7, 16, 14, 14]"
13,83,95,"[20, 12, 17, 4, 25, 17]"
13,12,65,"[23, 13, 13, 16]"
13,5,21,[21]
13,1,16,"[12, 4]"
13,29,46,"[9, 18, 19]"
13,44,99,"[7, 5, 24, 18, 8, 14, 23]"
13,6,60,"[14, 25, 16, 5]"
13,2,24,"[11, 13]"
13,30,53,"[9, 25, 19]"
13,1,13,[13]
13,5,28,"[10, 18]"
13,6,19,"[16, 3]"
13,65,81,"[17, 6, 13, 12, 9, 24]"
13,91,98,"[8, 16, 10, 4, 11, 22, 17, 10]"
13,0,9,[9]
13,3,30,"[7, 23]"
13,2,54,"[20, 13, 7, 14]"
13,2220,8,[]
13,12,44,"[25, 19]"
13,1,23,"[7, 16]"
13,0,8,[8]
13,5,28,"[1, 8, 17, 2]"
13,15,38,"[1, 8, 17, 12]"
13,10,80,"[14, 21, 20, 14, 11]"
13,114,88,"[20, 25, 1, 16, 1, 20, 5]"
13,92,4,[4]
13,2,18,[18]
13,3,25,"[11, 14]"
13,20,85,"[16, 9, 21, 1, 24, 14]"
13,3,32,"[18, 14]"
13,20,82,"[24, 7, 5, 24, 22]"
13,68,86,"[23, 12, 6, 19, 13, 13]"
13,2,42,"[24, 18]"
13,4,31,"[7, 19, 5]"
13,17,70,"[21, 6, 21, 2, 20]"
13,1797,6,[]
13,88,96,"[14, 16, 19, 9, 18, 20]"
13,2,18,"[8, 10]"
13,61,91,"[1, 2, 25, 16, 10, 24, 13]"
13,3,28,"[4, 24]"
13,7,33,"[16, 3, 1, 13]"
13,0,22,[22]
13,33,11,"[5, 6]"
13,52,85,"[7, 21, 14, 18, 25]"
13,3,17,[17]
13,8,53,"[12, 19, 22]"
13,3,13,"[2, 11]"
13,39,98,"[23, 25, 16, 14, 9, 11]"
13,16,99,"[20, 13, 25, 21, 9, 11]"
13,14,66,"[25, 20, 14, 7]"
13,33,87,"[19, 20, 6, 17, 25]"
13,169,91,"[7, 4, 11, 13, 23, 7, 16, 10]"
13,1,21,"[17, 4]"
13,1858,807,[]
13,1901,448,[]
13,1873,686,[]
13,1890,466,[]
13,1916,924,[]
13,1803,974,[]
13,1748,815,[]
13,1746,397,[]
13,1763,587,[]
13,1803,556,[]
13,2252,556,[]
13,1864,533,[]
13,1886,491,[]
13,1899,402,[]
13,2015,995,[]
13,1895,374,[]
13,1669,587,[]
13,1664,874,[]
13,860,157,"[23, 17, 21, 8, 11, 5, 9, 19, 3, 22, 19]"
13,1823,250,[]
13,1918,957,[]
13,1885,179,[]
13,1722,436,[]
13,2151,594,[]
13,1804,828,[]
13,1792,520,[]
13,1803,823,[]
13,1843,321,[]
13,1837,640,[]
13,1936,487,[]
13,1876,739,[]
13,1915,331,[]
13,2041,669,[]
13,1684,152,[]
13,1687,451,[]
13,2067,236,[]
13,1830,428,[]
13,1805,524,[]
13,1915,607,[]
13,1847,229,[]
13,1868,575,[]
13,1996,452,[]
13,827,155,"[4, 6, 11, 13, 5, 25, 22, 20, 18, 18, 13]"
13,1795,922,[]
13,1790,234,[]
13,1866,384,[]
13,1913,204,[]
13,2420,957,[]
13,1933,839,[]
13,1729,210,[]
13,1739,725,[]
13,1806,251,[]
13,1782,710,[]
13,1799,646,[]
13,1801,847,[]
13,1825,984,[]
13,1904,701,[]
13,1863,645,[]
13,1902,189,[]
13,2496,195,[]
13,1714,919,[]
13,1668,978,[]
13,1698,930,[]
13,1722,630,[]
13,1743,492,[]
13,1768,485,[]
13,1838,480,[]
13,1857,403,[]
13,1861,473,[]
13,1965,307,[]
13,1898,651,[]
13,1866,882,[]
13,2027,747,[]
13,1703,783,[]
13,1783,692,[]
13,1782,906,[]
13,1797,919,[]
13,1819,974,[]
13,1909,513,[]
13,176,147,"[15, 25, 8, 14, 25, 24, 15, 21]"
13,1533,182,"[15, 15, 23, 11, 21, 23, 9, 4, 18, 24, 19]"
13,1847,737,[]
13,1853,724,[]
13,1703,674,[]
13,1770,285,[]
13,2108,732,[]
13,1785,183,[]
13,1798,192,[]
13,1975,735,[]
13,1796,516,[]
13,1804,793,[]
13,1836,333,[]
13,1870,607,[]
13,1928,356,[]
13,1753,869,[]
13,1770,585,[]
13,1743,635,[]
13,2246,438,[]
13,138,100,"[15, 15, 11, 17, 15, 23, 4]"
13,1792,226,[]
13,1889,3736,[]
13,1795,3436,[]
13,1807,1786,[]
13,1850,8150,[]
13,1920,9454,[]
13,1883,2641,[]
13,1713,7508,[]
13,1833,2010,[]
13,1873,8293,[]
13,1865,3304,[]
13,2561,6220,[]
13,2141,1749,[]
13,1909,1675,[]
13,1828,6066,[]
13,1826,4701,[]
13,1992,2547,[]
13,1965,2315,[]
13,1710,4913,[]
13,1672,5359,[]
13,1739,6242,[]
13,1771,9861,[]
13,1867,6944,[]
13,2356,6505,[]
13,1851,3057,[]
13,1960,7299,[]
13,1852,1366,[]
13,1842,9402,[]
13,1887,5472,[]
13,1704,5838,[]
13,1734,5390,[]
13,1800,5226,[]
13,1809,1008,[]
13,1790,7137,[]
13,1881,7960,[]
13,2237,3535,[]
13,1815,3621,[]
13,1820,6567,[]
13,1863,4622,[]
13,1886,2013,[]
13,1698,7603,[]
13,1878,4944,[]
13,1952,7394,[]
13,1837,2679,[]
13,1744,1371,[]
13,1841,1964,[]
13,2097,6659,[]
13,3024,5720,[]
13,2293,7902,[]
13,3098,8467,[]
13,6785,7755,[]
13,2336,5024,[]
13,2045,7686,[]
13,2005,1562,[]
13,1972,4083,[]
13,1998,9159,[]
13,2112,9989,[]
13,2054,2252,[]
13,2222,1724,[]
13,2985,8112,[]
13,2220,6617,[]
13,2452,3603,[]
13,1990,8713,[]
13,2253,4865,[]
13,2037,5324,[]
13,2081,9426,[]
13,40108,6648,[]
13,14239,4005,[]
13,21736,3178,[]
13,9701,2677,[]
13,4606,8079,[]
13,16771,3555,[]
13,8438,7222,[]
13,5409,8371,[]
13,3950,1950,[]
13,3913,8841,[]
13,5607,8956,[]
13,8599,2352,[]
13,6290,1311,[]
13,2525,2585,[]
13,4176,2114,[]
13,3712,1916,[]
13,3690,4213,[]
13,3947,9005,[]
13,2749,6786,[]
13,2884,9329,[]
13,2720,7051,[]
13,2779,6197,[]
13,3699,3316,[]
13,9495,7931,[]
13,67016,1901,[]
13,2352,7638,[]
13,3217,9289,[]
13,3959,1039,[]
13,4581,4718,[]
13,2620,1547,[]
13,2434,1166,[]
13,1893,3348,[]
13,1734,7189,[]
13,1799,4061,[]
13,1813,6498,[]
